{
  "old_new": "new",
  "id": "DIA-NN_20250610_103102",
  "software_name": "DIA-NN",
  "software_version": "1.9.2",
  "search_engine": "DIA-NN",
  "search_engine_version": "1.9.2",
  "ident_fdr_psm": 0.01,
  "ident_fdr_peptide": NaN,
  "ident_fdr_protein": NaN,
  "enable_match_between_runs": true,
  "precursor_mass_tolerance": "[-9.32611 ppm, 9.32611 ppm]",
  "fragment_mass_tolerance": "[-14.3505 ppm, 14.3505 ppm]",
  "enzyme": "Trypsin/P",
  "allowed_miscleavages": 1,
  "min_peptide_length": 6,
  "max_peptide_length": 30,
  "is_temporary": false,
  "intermediate_hash": "0132a468ec6ae51a527d82560ff4a40f832f975c",
  "results": {
    "6": {
      "median_abs_epsilon_global": 0.16056379693043432,
      "median_abs_epsilon_eq_species": 0.2010046930780985,
      "median_abs_epsilon_ECOLI": 0.2476634577671959,
      "median_abs_epsilon_HUMAN": 0.14962437061164735,
      "median_abs_epsilon_YEAST": 0.20572625085545226,
      "mean_abs_epsilon_global": 0.4081033007715763,
      "mean_abs_epsilon_eq_species": 0.41906663249975495,
      "mean_abs_epsilon_ECOLI": 0.4373984843241322,
      "mean_abs_epsilon_HUMAN": 0.40542501210398724,
      "mean_abs_epsilon_YEAST": 0.4143764010711455,
      "median_log2_empirical_ECOLI": -2.2029977936880094,
      "median_log2_empirical_HUMAN": -0.09342728494316077,
      "median_log2_empirical_YEAST": 1.1245353059776981,
      "median_abs_epsilon_precision_global": 0.14269402696870337,
      "median_abs_epsilon_precision_eq_species": 0.1758528823616956,
      "median_abs_epsilon_precision_ECOLI": 0.22566196896167057,
      "median_abs_epsilon_precision_HUMAN": 0.13349368733780054,
      "median_abs_epsilon_precision_YEAST": 0.1684029907856157,
      "mean_log2_empirical_ECOLI": -2.278413428027609,
      "mean_log2_empirical_HUMAN": -0.2069925407241922,
      "mean_log2_empirical_YEAST": 1.1001905002122443,
      "mean_abs_epsilon_precision_global": 0.40342921542791277,
      "mean_abs_epsilon_precision_eq_species": 0.3955191921895566,
      "mean_abs_epsilon_precision_ECOLI": 0.39186912441452215,
      "mean_abs_epsilon_precision_HUMAN": 0.40858633481918216,
      "mean_abs_epsilon_precision_YEAST": 0.38610211733496536,
      "CV_median": 0.15849665962829868,
      "CV_q75": 0.2630845023286529,
      "CV_q90": 0.39553618758857056,
      "CV_q95": 0.49604475143656135,
      "roc_auc": 0.8963379673290797,
      "roc_auc_directional": 0.9391893993083077,
      "nr_prec": 52690,
      "nr_prec_HUMAN": 40271,
      "nr_prec_YEAST": 11118,
      "nr_prec_ECOLI": 1301,
      "variance_epsilon_global": 0.6054533759869547
    },
    "5": {
      "median_abs_epsilon_global": 0.1846736982357129,
      "median_abs_epsilon_eq_species": 0.24232139212484682,
      "median_abs_epsilon_ECOLI": 0.3168306749882568,
      "median_abs_epsilon_HUMAN": 0.16913468208888816,
      "median_abs_epsilon_YEAST": 0.24099881929739553,
      "mean_abs_epsilon_global": 0.4735298180036469,
      "mean_abs_epsilon_eq_species": 0.48553240294721034,
      "mean_abs_epsilon_ECOLI": 0.5218051367902599,
      "mean_abs_epsilon_HUMAN": 0.47608749760392766,
      "mean_abs_epsilon_YEAST": 0.4587045744474436,
      "median_log2_empirical_ECOLI": -2.234156319477293,
      "median_log2_empirical_HUMAN": -0.09608849131592478,
      "median_log2_empirical_YEAST": 1.1395323880259234,
      "median_abs_epsilon_precision_global": 0.16552123459804235,
      "median_abs_epsilon_precision_eq_species": 0.20349099717994554,
      "median_abs_epsilon_precision_ECOLI": 0.26263765593554034,
      "median_abs_epsilon_precision_HUMAN": 0.1532453705679071,
      "median_abs_epsilon_precision_YEAST": 0.19458996503638915,
      "mean_log2_empirical_ECOLI": -2.269699789464109,
      "mean_log2_empirical_HUMAN": -0.19410739867763477,
      "mean_log2_empirical_YEAST": 1.1345133747679075,
      "mean_abs_epsilon_precision_global": 0.46253898319778014,
      "mean_abs_epsilon_precision_eq_species": 0.4552911727816893,
      "mean_abs_epsilon_precision_ECOLI": 0.4659612997219214,
      "mean_abs_epsilon_precision_HUMAN": 0.4726734702408244,
      "mean_abs_epsilon_precision_YEAST": 0.42723874838232206,
      "CV_median": 0.16609907782649203,
      "CV_q75": 0.28072717850190587,
      "CV_q90": 0.427692121529181,
      "CV_q95": 0.5418110549945506,
      "roc_auc": 0.8756569981113056,
      "roc_auc_directional": 0.9299845194183773,
      "nr_prec": 61835,
      "nr_prec_HUMAN": 46602,
      "nr_prec_YEAST": 13543,
      "nr_prec_ECOLI": 1690,
      "variance_epsilon_global": 0.7905744919187374
    },
    "4": {
      "median_abs_epsilon_global": 0.2094713275059643,
      "median_abs_epsilon_eq_species": 0.2805768586949444,
      "median_abs_epsilon_ECOLI": 0.3818194958021994,
      "median_abs_epsilon_HUMAN": 0.18977165969798193,
      "median_abs_epsilon_YEAST": 0.2701394205846519,
      "mean_abs_epsilon_global": 0.5499763206024908,
      "mean_abs_epsilon_eq_species": 0.570157723145115,
      "mean_abs_epsilon_ECOLI": 0.6400752454049953,
      "mean_abs_epsilon_HUMAN": 0.5573332378941994,
      "mean_abs_epsilon_YEAST": 0.5130646861361503,
      "median_log2_empirical_ECOLI": -2.2675602892979594,
      "median_log2_empirical_HUMAN": -0.0984222255417464,
      "median_log2_empirical_YEAST": 1.143670959679298,
      "median_abs_epsilon_precision_global": 0.1885781051130273,
      "median_abs_epsilon_precision_eq_species": 0.23553659072495195,
      "median_abs_epsilon_precision_ECOLI": 0.31234555074501635,
      "median_abs_epsilon_precision_HUMAN": 0.17370472055196373,
      "median_abs_epsilon_precision_YEAST": 0.2205595008778758,
      "mean_log2_empirical_ECOLI": -2.270445245329628,
      "mean_log2_empirical_HUMAN": -0.17823439216578163,
      "mean_log2_empirical_YEAST": 1.1562294270527107,
      "mean_abs_epsilon_precision_global": 0.5344483858683462,
      "mean_abs_epsilon_precision_eq_species": 0.5361732648780749,
      "mean_abs_epsilon_precision_ECOLI": 0.577409923174815,
      "mean_abs_epsilon_precision_HUMAN": 0.5481909946791186,
      "mean_abs_epsilon_precision_YEAST": 0.48291887678029094,
      "CV_median": 0.170055829072904,
      "CV_q75": 0.28971728272383396,
      "CV_q90": 0.44617130949297623,
      "CV_q95": 0.5703720737651086,
      "roc_auc": 0.8501546119792709,
      "roc_auc_directional": 0.9151532056664476,
      "nr_prec": 69542,
      "nr_prec_HUMAN": 51759,
      "nr_prec_YEAST": 15613,
      "nr_prec_ECOLI": 2170,
      "variance_epsilon_global": 1.0331240295193707
    },
    "3": {
      "median_abs_epsilon_global": 0.21824938097671343,
      "median_abs_epsilon_eq_species": 0.2876747288211134,
      "median_abs_epsilon_ECOLI": 0.38744346741105495,
      "median_abs_epsilon_HUMAN": 0.19819821594346188,
      "median_abs_epsilon_YEAST": 0.2773825031088233,
      "mean_abs_epsilon_global": 0.5615416183735772,
      "mean_abs_epsilon_eq_species": 0.5799935187411945,
      "mean_abs_epsilon_ECOLI": 0.6457500688275584,
      "mean_abs_epsilon_HUMAN": 0.5690646578873951,
      "mean_abs_epsilon_YEAST": 0.5251658295086301,
      "median_log2_empirical_ECOLI": -2.2647059065266113,
      "median_log2_empirical_HUMAN": -0.0992829956540735,
      "median_log2_empirical_YEAST": 1.1428622141600613,
      "median_abs_epsilon_precision_global": 0.19671614658382008,
      "median_abs_epsilon_precision_eq_species": 0.24161696620617867,
      "median_abs_epsilon_precision_ECOLI": 0.3148472748567137,
      "median_abs_epsilon_precision_HUMAN": 0.18228505474115764,
      "median_abs_epsilon_precision_YEAST": 0.22771856902066467,
      "mean_log2_empirical_ECOLI": -2.261643724891785,
      "mean_log2_empirical_HUMAN": -0.1787908597299566,
      "mean_log2_empirical_YEAST": 1.1515579280025436,
      "mean_abs_epsilon_precision_global": 0.5462547621276855,
      "mean_abs_epsilon_precision_eq_species": 0.5468460005897783,
      "mean_abs_epsilon_precision_ECOLI": 0.584630881216849,
      "mean_abs_epsilon_precision_HUMAN": 0.5597947862389566,