{
  "old_new": "new",
  "id": "DIA-NN_20250610_103102",
  "software_name": "DIA-NN",
  "software_version": "1.9.2",
  "search_engine": "DIA-NN",
  "search_engine_version": "1.9.2",
  "ident_fdr_psm": "0.01",
  "ident_fdr_peptide": NaN,
  "ident_fdr_protein": NaN,
  "enable_match_between_runs": true,
  "precursor_mass_tolerance": "[-9.32611 ppm, 9.32611 ppm]",
  "fragment_mass_tolerance": "[-14.3505 ppm, 14.3505 ppm]",
  "enzyme": "Trypsin/P",
  "allowed_miscleavages": "1",
  "min_peptide_length": "6",
  "max_peptide_length": "30",
  "is_temporary": false,
  "intermediate_hash": "0132a468ec6ae51a527d82560ff4a40f832f975c",
  "results": {
    "6": {
      "median_abs_epsilon": 0.1578118483193265,
      "mean_abs_epsilon": 0.4114641493546046,
      "variance_epsilon": 0.6256379795561824,
      "nr_prec": 53317,
      "CV_median": 0.3267362691023942,
      "CV_q90": 0.5590005808212557,
      "CV_q75": 0.4273136891974043,
      "CV_q95": 0.6528574245942442
    },
    "5": {
      "median_abs_epsilon": 0.18533764271647968,
      "mean_abs_epsilon": 0.4787096528613074,
      "variance_epsilon": 0.8047916378644746,
      "nr_prec": 62523,
      "CV_median": 0.330519374413248,
      "CV_q90": 0.587530824698362,
      "CV_q75": 0.44094484352798574,
      "CV_q95": 0.693346203074758
    },
    "4": {
      "median_abs_epsilon": 0.21358191856393027,
      "mean_abs_epsilon": 0.5519895024651765,
      "variance_epsilon": 1.0179684370200566,
      "nr_prec": 70284,
      "CV_median": 0.33201341003517315,
      "CV_q90": 0.601001471911885,
      "CV_q75": 0.4474352047668989,
      "CV_q95": 0.7159331641913491
    },
    "3": {
      "median_abs_epsilon": 0.22395749580512891,
      "mean_abs_epsilon": 0.5655129491220363,
      "variance_epsilon": 1.0385829591609144,
      "nr_prec": 89399,
      "CV_median": 0.3371290330699751,
      "CV_q90": 0.6141832621863592,
      "CV_q75": 0.4562255156697161,
      "CV_q95": 0.7350603128817548
    },
    "2": {
      "median_abs_epsilon": 0.22817228371654963,
      "mean_abs_epsilon": 0.5723950664096538,
      "variance_epsilon": 1.0547210828551086,
      "nr_prec": 94847,
      "CV_median": 0.3374370632087631,
      "CV_q90": 0.6203356480411335,
      "CV_q75": 0.4585601025349297,
      "CV_q95": 0.7450596562415595
    },
    "1": {
      "median_abs_epsilon": 0.22817228371654963,
      "mean_abs_epsilon": 0.5723950664096535,
      "variance_epsilon": 1.0547210828551086,
      "nr_prec": 97072,
      "CV_median": 0.3374370632087631,
      "CV_q90": 0.6203356480411335,
      "CV_q75": 0.4585601025349297,
      "CV_q95": 0.7450596562415595
    }
  },
  "median_abs_epsilon": 0.22395749580512891,
  "mean_abs_epsilon": 0.5655129491220363,
  "nr_prec": 89399,
  "comments": "",
  "proteobench_version": "0.8.22",
  "color": "#8c564b",
  "hover_text": "ProteoBench ID: DIA-NN_20250610_103102<br>Software tool: DIA-NN <br>Comment (private submission): ...",
  "scatter_size": 20,
  "fixed_mods": "unimod4",
  "variable_mods": "UniMod:35/15.994915/M,UniMod:1/42.010565/*n",
  "max_mods": "1",
  "min_precursor_charge": "1",
  "max_precursor_charge": "4",
  "quantification_method": "QuantUMS high-precision",
  "protein_inference": "Genes",
  "abundance_normalization_ions": null,
  "submission_comments": "\n\n ### Parameter changes detected:\n- **ident_fdr_protein**: `None` \u2192 `nan`\n- **ident_fdr_peptide**: `None` \u2192 `nan`\n\nDataset URL: https://proteobench.cubimed.rub.de/datasets/0132a468ec6ae51a527d82560ff4a40f832f975c/"
}