{
  "old_new": "new",
  "id": "DIA-NN_20250710_141302",
  "software_name": "DIA-NN",
  "software_version": "2.2.0 Academia ",
  "search_engine": "DIA-NN",
  "search_engine_version": "2.2.0 Academia ",
  "ident_fdr_psm": "0.01",
  "ident_fdr_peptide": NaN,
  "ident_fdr_protein": NaN,
  "enable_match_between_runs": false,
  "precursor_mass_tolerance": "[-10.0 ppm, 10.0 ppm]",
  "fragment_mass_tolerance": "[-10.0 ppm, 10.0 ppm]",
  "enzyme": "Trypsin/P",
  "allowed_miscleavages": "1",
  "min_peptide_length": "6",
  "max_peptide_length": "30",
  "is_temporary": false,
  "intermediate_hash": "0498be11f36a31143fef778ae48ac2339b7d4de6",
  "results": {
    "6": {
      "median_abs_epsilon": 0.15878582000732422,
      "mean_abs_epsilon": 0.3700650413572767,
      "variance_epsilon": 0.5130056137397656,
      "nr_prec": 44304,
      "CV_median": 0.3159688279792494,
      "CV_q75": 0.4120142057723111,
      "CV_q90": 0.5290709218501375,
      "CV_q95": 0.6130276771673306
    },
    "5": {
      "median_abs_epsilon": 0.18260765075683594,
      "mean_abs_epsilon": 0.4260367703793221,
      "variance_epsilon": 0.652137652942947,
      "nr_prec": 52592,
      "CV_median": 0.31903504474937583,
      "CV_q75": 0.4231377670123879,
      "CV_q90": 0.5512404933520769,
      "CV_q95": 0.6416727973737675
    },
    "4": {
      "median_abs_epsilon": 0.20815658569335938,
      "mean_abs_epsilon": 0.4826780988779879,
      "variance_epsilon": 0.7830390970423339,
      "nr_prec": 60693,
      "CV_median": 0.3196434973084147,
      "CV_q75": 0.42815029016375106,
      "CV_q90": 0.5618620774590534,
      "CV_q95": 0.6578096957464166
    },
    "3": {
      "median_abs_epsilon": 0.22217369079589844,
      "mean_abs_epsilon": 0.49339285788379167,
      "variance_epsilon": 0.781412162356262,
      "nr_prec": 82385,
      "CV_median": 0.324814201750136,
      "CV_q75": 0.4371313306298196,
      "CV_q90": 0.5732723596218265,
      "CV_q95": 0.6697630558419274
    },
    "2": {
      "median_abs_epsilon": 0.23108863830566406,
      "mean_abs_epsilon": 0.5028372595718058,
      "variance_epsilon": 0.7886149168351063,
      "nr_prec": 95200,
      "CV_median": 0.32477549149597584,
      "CV_q75": 0.44146000897148646,
      "CV_q90": 0.5840025443835277,
      "CV_q95": 0.6845264748117017
    },
    "1": {
      "median_abs_epsilon": 0.23108863830566406,
      "mean_abs_epsilon": 0.5028372595718058,
      "variance_epsilon": 0.7886149168351062,
      "nr_prec": 113959,
      "CV_median": 0.32477549149597584,
      "CV_q75": 0.44146000897148646,
      "CV_q90": 0.5840025443835277,
      "CV_q95": 0.6845264748117017
    }
  },
  "median_abs_epsilon": 0.22217369079589844,
  "mean_abs_epsilon": 0.49339285788379167,
  "nr_prec": 82385,
  "comments": "",
  "proteobench_version": "0.8.28",
  "color": "#d42f2f",
  "hover_text": "ProteoBench ID: DIA-NN_20250710_141302<br>Software tool: DIA-NN <br>Comment (private submission): ...",
  "scatter_size": 20,
  "fixed_mods": "unimod4",
  "variable_mods": "UniMod:35/15.994915/M,UniMod:1/42.010565/*n",
  "max_mods": "1",
  "min_precursor_charge": "1",
  "max_precursor_charge": "4",
  "quantification_method": "QuantUMS high-precision",
  "protein_inference": "1",
  "abundance_normalization_ions": null,
  "submission_comments": "Machine learning : NNs (crosss-calidated)\nCross-run normalisation : RT-dependent\nLibrary generation : Smart profiling\n\n ### Parameter changes detected:\n- **ident_fdr_protein**: `None` \u2192 `nan`\n- **ident_fdr_peptide**: `None` \u2192 `nan`\n\nDataset URL: https://proteobench.cubimed.rub.de/datasets/0498be11f36a31143fef778ae48ac2339b7d4de6/"
}