{
  "old_new": "new",
  "id": "DIA-NN_20250610_103421",
  "software_name": "DIA-NN",
  "software_version": "1.9.2",
  "search_engine": "DIA-NN",
  "search_engine_version": "1.9.2",
  "ident_fdr_psm": "0.01",
  "ident_fdr_peptide": NaN,
  "ident_fdr_protein": NaN,
  "enable_match_between_runs": true,
  "precursor_mass_tolerance": "[-9.02675 ppm, 9.02675 ppm]",
  "fragment_mass_tolerance": "[-14.0714 ppm, 14.0714 ppm]",
  "enzyme": "Trypsin/P",
  "allowed_miscleavages": "1",
  "min_peptide_length": "6",
  "max_peptide_length": "30",
  "is_temporary": false,
  "intermediate_hash": "0d696eb55d1ce3fdb4089b94aef1cb8c6be4934c",
  "results": {
    "6": {
      "median_abs_epsilon": 0.15564720221588857,
      "mean_abs_epsilon": 0.41494349978168993,
      "variance_epsilon": 0.6448257244480087,
      "nr_prec": 50642,
      "CV_median": 0.3257781357621776,
      "CV_q90": 0.5501416199995807,
      "CV_q75": 0.4242778777365248,
      "CV_q95": 0.6416751290873761
    },
    "5": {
      "median_abs_epsilon": 0.18467588760574394,
      "mean_abs_epsilon": 0.48717566781676813,
      "variance_epsilon": 0.8499505156131674,
      "nr_prec": 59536,
      "CV_median": 0.32924383012122066,
      "CV_q90": 0.5780180213221926,
      "CV_q75": 0.43716948524640664,
      "CV_q95": 0.6816340201773745
    },
    "4": {
      "median_abs_epsilon": 0.2123103357963565,
      "mean_abs_epsilon": 0.5576758683824145,
      "variance_epsilon": 1.0578020896607603,
      "nr_prec": 67048,
      "CV_median": 0.33086454734214155,
      "CV_q90": 0.591744408905295,
      "CV_q75": 0.4428801135806919,
      "CV_q95": 0.7025989198365499
    },
    "3": {
      "median_abs_epsilon": 0.22374551314555724,
      "mean_abs_epsilon": 0.5714107984232188,
      "variance_epsilon": 1.0789136479773564,
      "nr_prec": 85323,
      "CV_median": 0.33571808667828196,
      "CV_q90": 0.603805876564621,
      "CV_q75": 0.45130772943384495,
      "CV_q95": 0.7193640108184133
    },
    "2": {
      "median_abs_epsilon": 0.22811398231245228,
      "mean_abs_epsilon": 0.5785296465835591,
      "variance_epsilon": 1.0926118191521974,
      "nr_prec": 91071,
      "CV_median": 0.3359840086021021,
      "CV_q90": 0.6111123726471879,
      "CV_q75": 0.4540554256781131,
      "CV_q95": 0.731496279200854
    },
    "1": {
      "median_abs_epsilon": 0.22811398231245228,
      "mean_abs_epsilon": 0.5785296465835592,
      "variance_epsilon": 1.0926118191521972,
      "nr_prec": 93813,
      "CV_median": 0.3359840086021021,
      "CV_q90": 0.6111123726471879,
      "CV_q75": 0.4540554256781131,
      "CV_q95": 0.731496279200854
    }
  },
  "median_abs_epsilon": 0.22374551314555724,
  "mean_abs_epsilon": 0.5714107984232188,
  "nr_prec": 85323,
  "comments": "",
  "proteobench_version": "0.8.22",
  "color": "#8c564b",
  "hover_text": "ProteoBench ID: DIA-NN_20250610_103421<br>Software tool: DIA-NN <br>Comment (private submission): ...",
  "scatter_size": 20,
  "fixed_mods": "unimod4",
  "variable_mods": "UniMod:35/15.994915/M,UniMod:1/42.010565/*n",
  "max_mods": "1",
  "min_precursor_charge": "1",
  "max_precursor_charge": "4",
  "quantification_method": "QuantUMS high-precision",
  "protein_inference": "Genes",
  "abundance_normalization_ions": null,
  "submission_comments": "Conservative NNs for FDR control\n\n ### Parameter changes detected:\n- **ident_fdr_protein**: `None` \u2192 `nan`\n- **ident_fdr_peptide**: `None` \u2192 `nan`\n\nDataset URL: https://proteobench.cubimed.rub.de/datasets/0d696eb55d1ce3fdb4089b94aef1cb8c6be4934c/"
}