{
  "old_new": "new",
  "id": "DIA-NN_20250610_103421",
  "software_name": "DIA-NN",
  "software_version": "1.9.2",
  "search_engine": "DIA-NN",
  "search_engine_version": "1.9.2",
  "ident_fdr_psm": 0.01,
  "ident_fdr_peptide": NaN,
  "ident_fdr_protein": NaN,
  "enable_match_between_runs": true,
  "precursor_mass_tolerance": "[-9.02675 ppm, 9.02675 ppm]",
  "fragment_mass_tolerance": "[-14.0714 ppm, 14.0714 ppm]",
  "enzyme": "Trypsin/P",
  "allowed_miscleavages": 1,
  "min_peptide_length": 6,
  "max_peptide_length": 30,
  "is_temporary": false,
  "intermediate_hash": "0d696eb55d1ce3fdb4089b94aef1cb8c6be4934c",
  "results": {
    "6": {
      "median_abs_epsilon_global": 0.15735752647092127,
      "median_abs_epsilon_eq_species": 0.19989497767791478,
      "median_abs_epsilon_ECOLI": 0.24812732978408292,
      "median_abs_epsilon_HUMAN": 0.14640934388827453,
      "median_abs_epsilon_YEAST": 0.20514825936138692,
      "mean_abs_epsilon_global": 0.4148833307137479,
      "mean_abs_epsilon_eq_species": 0.42768311403153964,
      "mean_abs_epsilon_ECOLI": 0.44844216325892616,
      "mean_abs_epsilon_HUMAN": 0.4115800417755415,
      "mean_abs_epsilon_YEAST": 0.42302713706015127,
      "median_log2_empirical_ECOLI": -2.202060319350622,
      "median_log2_empirical_HUMAN": -0.08947948119040916,
      "median_log2_empirical_YEAST": 1.1242399525341362,
      "median_abs_epsilon_precision_global": 0.1405464524670723,
      "median_abs_epsilon_precision_eq_species": 0.17136661002197448,
      "median_abs_epsilon_precision_ECOLI": 0.21683591917468803,
      "median_abs_epsilon_precision_HUMAN": 0.1310732691311145,
      "median_abs_epsilon_precision_YEAST": 0.16619064176012088,
      "mean_log2_empirical_ECOLI": -2.256821892486241,
      "mean_log2_empirical_HUMAN": -0.20321655347277026,
      "mean_log2_empirical_YEAST": 1.0923101204746646,
      "mean_abs_epsilon_precision_global": 0.41152495075643747,
      "mean_abs_epsilon_precision_eq_species": 0.4034172678115675,
      "mean_abs_epsilon_precision_ECOLI": 0.3987319561885224,
      "mean_abs_epsilon_precision_HUMAN": 0.4164640713560694,
      "mean_abs_epsilon_precision_YEAST": 0.39505577589011076,
      "CV_median": 0.15440405773633897,
      "CV_q75": 0.2566202274044263,
      "CV_q90": 0.385084559630681,
      "CV_q95": 0.4823934615469939,
      "roc_auc": 0.8906000370882198,
      "roc_auc_directional": 0.9339782867467514,
      "nr_prec": 50642,
      "nr_prec_HUMAN": 38748,
      "nr_prec_YEAST": 10669,
      "nr_prec_ECOLI": 1225,
      "variance_epsilon_global": 0.6438055569503124
    },
    "5": {
      "median_abs_epsilon_global": 0.18141901639292968,
      "median_abs_epsilon_eq_species": 0.2326047068292875,
      "median_abs_epsilon_ECOLI": 0.2954475852910541,
      "median_abs_epsilon_HUMAN": 0.1662686760572285,
      "median_abs_epsilon_YEAST": 0.23609785913957992,
      "mean_abs_epsilon_global": 0.48456050560890207,
      "mean_abs_epsilon_eq_species": 0.5006448513460092,
      "mean_abs_epsilon_ECOLI": 0.5480569137180622,
      "mean_abs_epsilon_HUMAN": 0.48753411002212055,
      "mean_abs_epsilon_YEAST": 0.46634353029784464,
      "median_log2_empirical_ECOLI": -2.236344486387182,
      "median_log2_empirical_HUMAN": -0.0915002326741039,
      "median_log2_empirical_YEAST": 1.1352178067342447,
      "median_abs_epsilon_precision_global": 0.16402489780237506,
      "median_abs_epsilon_precision_eq_species": 0.2003777062775054,
      "median_abs_epsilon_precision_ECOLI": 0.2561705704857644,
      "median_abs_epsilon_precision_HUMAN": 0.1532381248643837,
      "median_abs_epsilon_precision_YEAST": 0.19172442348236807,
      "mean_log2_empirical_ECOLI": -2.2523799190576113,
      "mean_log2_empirical_HUMAN": -0.18350553824916563,
      "mean_log2_empirical_YEAST": 1.1289471337549233,
      "mean_abs_epsilon_precision_global": 0.47333998869639193,
      "mean_abs_epsilon_precision_eq_species": 0.4695237478050665,
      "mean_abs_epsilon_precision_ECOLI": 0.4902228097990057,
      "mean_abs_epsilon_precision_HUMAN": 0.4838886058159434,
      "mean_abs_epsilon_precision_YEAST": 0.4344598278002505,
      "CV_median": 0.16175433557735547,
      "CV_q75": 0.273540538311724,
      "CV_q90": 0.4157029895469804,
      "CV_q95": 0.5269476930873346,
      "roc_auc": 0.870217494890398,
      "roc_auc_directional": 0.9242771505878987,
      "nr_prec": 59536,
      "nr_prec_HUMAN": 45031,
      "nr_prec_YEAST": 12910,
      "nr_prec_ECOLI": 1595,
      "variance_epsilon_global": 0.8551179748561876
    },
    "4": {
      "median_abs_epsilon_global": 0.20573238772279545,
      "median_abs_epsilon_eq_species": 0.27186406399888874,
      "median_abs_epsilon_ECOLI": 0.36414996935904753,
      "median_abs_epsilon_HUMAN": 0.18689466819701117,
      "median_abs_epsilon_YEAST": 0.2645475544406075,
      "mean_abs_epsilon_global": 0.5570740264964055,
      "mean_abs_epsilon_eq_species": 0.5777443857938727,
      "mean_abs_epsilon_ECOLI": 0.6516208093276398,
      "mean_abs_epsilon_HUMAN": 0.5652814673319813,
      "mean_abs_epsilon_YEAST": 0.5163308807219968,
      "median_log2_empirical_ECOLI": -2.256140737295098,
      "median_log2_empirical_HUMAN": -0.09335890387909984,
      "median_log2_empirical_YEAST": 1.1419200502417262,
      "median_abs_epsilon_precision_global": 0.1866806059619126,
      "median_abs_epsilon_precision_eq_species": 0.23033262250848155,
      "median_abs_epsilon_precision_ECOLI": 0.3031681875392671,
      "median_abs_epsilon_precision_HUMAN": 0.17278783581663326,
      "median_abs_epsilon_precision_YEAST": 0.2150418441695443,
      "mean_log2_empirical_ECOLI": -2.258135881600072,
      "mean_log2_empirical_HUMAN": -0.16301031762368923,
      "mean_log2_empirical_YEAST": 1.1554374128893183,
      "mean_abs_epsilon_precision_global": 0.5410072047205605,
      "mean_abs_epsilon_precision_eq_species": 0.5435454735117459,
      "mean_abs_epsilon_precision_ECOLI": 0.589933868632356,
      "mean_abs_epsilon_precision_HUMAN": 0.5555889505348307,
      "mean_abs_epsilon_precision_YEAST": 0.48511360136805076,
      "CV_median": 0.16544400367210144,
      "CV_q75": 0.28247327870791494,
      "CV_q90": 0.43312855680203033,
      "CV_q95": 0.5543505808660254,
      "roc_auc": 0.8472467856110348,
      "roc_auc_directional": 0.9126418464857142,
      "nr_prec": 67048,
      "nr_prec_HUMAN": 50110,
      "nr_prec_YEAST": 14877,
      "nr_prec_ECOLI": 2061,
      "variance_epsilon_global": 1.087065855616425
    },
    "3": {
      "median_abs_epsilon_global": 0.21474573519096474,
      "median_abs_epsilon_eq_species": 0.2803193329270795,
      "median_abs_epsilon_ECOLI": 0.3729496888609809,
      "median_abs_epsilon_HUMAN": 0.1959112961782168,
      "median_abs_epsilon_YEAST": 0.27209701374204087,
      "mean_abs_epsilon_global": 0.5683934251577085,
      "mean_abs_epsilon_eq_species": 0.5876348785752824,
      "mean_abs_epsilon_ECOLI": 0.6590305541652992,
      "mean_abs_epsilon_HUMAN": 0.5770285484308485,
      "mean_abs_epsilon_YEAST": 0.5268455331296996,
      "median_log2_empirical_ECOLI": -2.254710562880245,
      "median_log2_empirical_HUMAN": -0.09431747547987968,
      "median_log2_empirical_YEAST": 1.1417161025862548,
      "median_abs_epsilon_precision_global": 0.19456397968590977,
      "median_abs_epsilon_precision_eq_species": 0.23707330881986918,
      "median_abs_epsilon_precision_ECOLI": 0.3072740429753935,
      "median_abs_epsilon_precision_HUMAN": 0.18109630003428023,
      "median_abs_epsilon_precision_YEAST": 0.22284958344993377,
      "mean_log2_empirical_ECOLI": -2.2458027605865407,
      "mean_log2_empirical_HUMAN": -0.16378982119722527,
      "mean_log2_empirical_YEAST": 1.1527790708956256,
      "mean_abs_epsilon_precision_global": 0.5526017396193026,
      "mean_abs_epsilon_precision_eq_species": 0.5545154747971447,
      "mean_abs_epsilon_precision_ECOLI": 0.5997479344537547,
      "mean_abs_epsilon_precision_HUMAN": 0.5672977222758635,