{
  "old_new": "new",
  "id": "DIA-NN_20250610_103421",
  "software_name": "DIA-NN",
  "software_version": "1.9.2",
  "search_engine": "DIA-NN",
  "search_engine_version": "1.9.2",
  "ident_fdr_psm": 0.01,
  "ident_fdr_peptide": NaN,
  "ident_fdr_protein": NaN,
  "enable_match_between_runs": true,
  "precursor_mass_tolerance": "[-9.02675 ppm, 9.02675 ppm]",
  "fragment_mass_tolerance": "[-14.0714 ppm, 14.0714 ppm]",
  "enzyme": "Trypsin/P",
  "allowed_miscleavages": 1,
  "min_peptide_length": 6,
  "max_peptide_length": 30,
  "is_temporary": false,
  "intermediate_hash": "0d696eb55d1ce3fdb4089b94aef1cb8c6be4934c",
  "results": {
    "6": {
      "median_abs_epsilon_global": 0.15633433964931953,
      "median_abs_epsilon_eq_species": 0.1985485060468347,
      "median_abs_epsilon_ECOLI": 0.2466837771479682,
      "median_abs_epsilon_HUMAN": 0.1458925605801369,
      "median_abs_epsilon_YEAST": 0.20306918041239896,
      "mean_abs_epsilon_global": 0.4093744344073306,
      "mean_abs_epsilon_eq_species": 0.42328775899650406,
      "mean_abs_epsilon_ECOLI": 0.44613206742600325,
      "mean_abs_epsilon_HUMAN": 0.40586596102530503,
      "mean_abs_epsilon_YEAST": 0.41786524853820384,
      "median_log2_empirical_ECOLI": -2.202258502729972,
      "median_log2_empirical_HUMAN": -0.0900547559313587,
      "median_log2_empirical_YEAST": 1.1259949949005303,
      "median_abs_epsilon_precision_global": 0.1393920715195911,
      "median_abs_epsilon_precision_eq_species": 0.17021256182965652,
      "median_abs_epsilon_precision_ECOLI": 0.2156593191771563,
      "median_abs_epsilon_precision_HUMAN": 0.13040875827227083,
      "median_abs_epsilon_precision_YEAST": 0.16456960803954246,
      "mean_log2_empirical_ECOLI": -2.259825378312173,
      "mean_log2_empirical_HUMAN": -0.2076618407691856,
      "mean_log2_empirical_YEAST": 1.0977636930404635,
      "mean_abs_epsilon_precision_global": 0.4065794103702558,
      "mean_abs_epsilon_precision_eq_species": 0.3988358085362498,
      "mean_abs_epsilon_precision_ECOLI": 0.39624086399098696,
      "mean_abs_epsilon_precision_HUMAN": 0.41194036575403786,
      "mean_abs_epsilon_precision_YEAST": 0.3883261958637245,
      "CV_median": 0.1544964023723666,
      "CV_q75": 0.25644562851192765,
      "CV_q90": 0.38456356726944974,
      "CV_q95": 0.48144913362871133,
      "roc_auc": 0.8942720498794662,
      "roc_auc_directional": 0.9349839774656626,
      "nr_prec": 50016,
      "nr_prec_HUMAN": 38254,
      "nr_prec_YEAST": 10547,
      "nr_prec_ECOLI": 1215,
      "variance_epsilon_global": 0.6243799386525228
    },
    "5": {
      "median_abs_epsilon_global": 0.1804273309019102,
      "median_abs_epsilon_eq_species": 0.2307468618104913,
      "median_abs_epsilon_ECOLI": 0.29240066316911495,
      "median_abs_epsilon_HUMAN": 0.16552247790287566,
      "median_abs_epsilon_YEAST": 0.23431744435948332,
      "mean_abs_epsilon_global": 0.4791503980901095,
      "mean_abs_epsilon_eq_species": 0.49648404604928825,
      "mean_abs_epsilon_ECOLI": 0.5458726522818812,
      "mean_abs_epsilon_HUMAN": 0.48175419465127073,
      "mean_abs_epsilon_YEAST": 0.4618252912147128,
      "median_log2_empirical_ECOLI": -2.236344486387182,
      "median_log2_empirical_HUMAN": -0.09215228978073498,
      "median_log2_empirical_YEAST": 1.13751936481642,
      "median_abs_epsilon_precision_global": 0.16289563405275942,
      "median_abs_epsilon_precision_eq_species": 0.1990087197374244,
      "median_abs_epsilon_precision_ECOLI": 0.2548395506581187,
      "median_abs_epsilon_precision_HUMAN": 0.15229871194640054,
      "median_abs_epsilon_precision_YEAST": 0.18988789660775396,
      "mean_log2_empirical_ECOLI": -2.253243086861677,
      "mean_log2_empirical_HUMAN": -0.18858986661732716,
      "mean_log2_empirical_YEAST": 1.1332634059769484,
      "mean_abs_epsilon_precision_global": 0.4684602385559023,
      "mean_abs_epsilon_precision_eq_species": 0.4652746955496078,
      "mean_abs_epsilon_precision_ECOLI": 0.4878478376597001,
      "mean_abs_epsilon_precision_HUMAN": 0.47916111841937287,
      "mean_abs_epsilon_precision_YEAST": 0.42881513056975046,
      "CV_median": 0.16186116527666478,
      "CV_q75": 0.2734507935505228,
      "CV_q90": 0.41522532733828205,
      "CV_q95": 0.5262834261350617,
      "roc_auc": 0.8735841667220704,
      "roc_auc_directional": 0.9251993567553773,
      "nr_prec": 58857,
      "nr_prec_HUMAN": 44491,
      "nr_prec_YEAST": 12783,
      "nr_prec_ECOLI": 1583,
      "variance_epsilon_global": 0.8344780207518029
    },
    "4": {
      "median_abs_epsilon_global": 0.20472076901729963,
      "median_abs_epsilon_eq_species": 0.26970092359783787,
      "median_abs_epsilon_ECOLI": 0.36121184596360933,
      "median_abs_epsilon_HUMAN": 0.18590978049541462,
      "median_abs_epsilon_YEAST": 0.2619811443344897,
      "mean_abs_epsilon_global": 0.5518226098315047,
      "mean_abs_epsilon_eq_species": 0.5733787202193893,
      "mean_abs_epsilon_ECOLI": 0.6483555067779073,
      "mean_abs_epsilon_HUMAN": 0.5596473861294107,
      "mean_abs_epsilon_YEAST": 0.5121332677508498,
      "median_log2_empirical_ECOLI": -2.256140737295098,
      "median_log2_empirical_HUMAN": -0.09423505063769788,
      "median_log2_empirical_YEAST": 1.1437456858426795,
      "median_abs_epsilon_precision_global": 0.1854775752854625,
      "median_abs_epsilon_precision_eq_species": 0.2290072259677268,
      "median_abs_epsilon_precision_ECOLI": 0.3022003224312222,
      "median_abs_epsilon_precision_HUMAN": 0.17182241384861463,
      "median_abs_epsilon_precision_YEAST": 0.21299894162334354,
      "mean_log2_empirical_ECOLI": -2.2605519809680557,
      "mean_log2_empirical_HUMAN": -0.1688857013633233,
      "mean_log2_empirical_YEAST": 1.15927412496362,
      "mean_abs_epsilon_precision_global": 0.5361678955387382,
      "mean_abs_epsilon_precision_eq_species": 0.5390820600507799,
      "mean_abs_epsilon_precision_ECOLI": 0.5864383062415803,
      "mean_abs_epsilon_precision_HUMAN": 0.5508104182476425,
      "mean_abs_epsilon_precision_YEAST": 0.47999745566311686,
      "CV_median": 0.16555443298633732,
      "CV_q75": 0.2823433569435907,
      "CV_q90": 0.4327751284749398,
      "CV_q95": 0.5537974338121595,
      "roc_auc": 0.8502733245617188,
      "roc_auc_directional": 0.9137821542216206,
      "nr_prec": 66323,
      "nr_prec_HUMAN": 49532,
      "nr_prec_YEAST": 14744,
      "nr_prec_ECOLI": 2047,
      "variance_epsilon_global": 1.065900062996701
    },
    "3": {
      "median_abs_epsilon_global": 0.21368649708520415,
      "median_abs_epsilon_eq_species": 0.27716875150098613,
      "median_abs_epsilon_ECOLI": 0.36697041077163206,
      "median_abs_epsilon_HUMAN": 0.195023306996017,
      "median_abs_epsilon_YEAST": 0.2695125367353093,
      "mean_abs_epsilon_global": 0.5633674790055644,
      "mean_abs_epsilon_eq_species": 0.5834534743821306,
      "mean_abs_epsilon_ECOLI": 0.655895567080223,
      "mean_abs_epsilon_HUMAN": 0.5716448613571059,
      "mean_abs_epsilon_YEAST": 0.5228199947090627,
      "median_log2_empirical_ECOLI": -2.254710562880245,
      "median_log2_empirical_HUMAN": -0.0948937135499257,
      "median_log2_empirical_YEAST": 1.143355985782124,
      "median_abs_epsilon_precision_global": 0.19337087721157875,
      "median_abs_epsilon_precision_eq_species": 0.23572043904835085,
      "median_abs_epsilon_precision_ECOLI": 0.30605095260218107,
      "median_abs_epsilon_precision_HUMAN": 0.180318747336365,
      "median_abs_epsilon_precision_YEAST": 0.22079161720650653,
      "mean_log2_empirical_ECOLI": -2.248076744251178,
      "mean_log2_empirical_HUMAN": -0.16938932768569287,
      "mean_log2_empirical_YEAST": 1.1563282175741212,
      "mean_abs_epsilon_precision_global": 0.5479304895603571,
      "mean_abs_epsilon_precision_eq_species": 0.5502040931277205,
      "mean_abs_epsilon_precision_ECOLI": 0.5963408552250331,
      "mean_abs_epsilon_precision_HUMAN": 0.5626820489128944,