{
    "id": "DIA-NN_20250122_155618",
    "software_name": "DIA-NN",
    "software_version": "1.9.2",
    "search_engine_version": "1.9.2",
    "search_engine": "DIA-NN",
    "ident_fdr_psm": null,
    "ident_fdr_peptide": 0.01,
    "ident_fdr_protein": 0.01,
    "enable_match_between_runs": 1.0,
    "precursor_mass_tolerance": "[-14.0714 ppm, 14.0714 ppm]",
    "precursor_mass_tolerance_unit": null,
    "fragment_mass_tolerance": "[-14.0714 ppm, 14.0714 ppm]",
    "fragment_mass_tolerance_unit": null,
    "enzyme": "Trypsin/P",
    "allowed_miscleavages": 1,
    "min_peptide_length": 6,
    "max_peptide_length": 30,
    "intermediate_hash": "0d696eb55d1ce3fdb4089b94aef1cb8c6be4934c",
    "fixed_mods": "unimod4",
    "variable_mods": "UniMod:35/15.994915/M,UniMod:1/42.010565/*n",
    "max_mods": 1,
    "min_precursor_charge": 1.0,
    "max_precursor_charge": 4.0,
    "median_abs_epsilon": 0.2237455131,
    "nr_prec": 85323,
    "is_temporary": false,
    "old_new": "old",
    "results": {
        "6": {
            "median_abs_epsilon": 0.1556472022,
            "mean_abs_epsilon": 0.4149434998,
            "variance_epsilon": 0.6448257244,
            "nr_prec": 50642,
            "CV_median": 0.3257781358,
            "CV_q90": 0.55014162,
            "CV_q75": 0.4242778777,
            "CV_q95": 0.6416751291
        },
        "5": {
            "median_abs_epsilon": 0.1846758876,
            "mean_abs_epsilon": 0.4871756678,
            "variance_epsilon": 0.8499505156,
            "nr_prec": 59536,
            "CV_median": 0.3292438301,
            "CV_q90": 0.5780180213,
            "CV_q75": 0.4371694852,
            "CV_q95": 0.6816340202
        },
        "4": {
            "median_abs_epsilon": 0.2123103358,
            "mean_abs_epsilon": 0.5576758684,
            "variance_epsilon": 1.0578020897,
            "nr_prec": 67048,
            "CV_median": 0.3308645473,
            "CV_q90": 0.5917444089,
            "CV_q75": 0.4428801136,
            "CV_q95": 0.7025989198
        },
        "3": {
            "median_abs_epsilon": 0.2237455131,
            "mean_abs_epsilon": 0.5714107984,
            "variance_epsilon": 1.078913648,
            "nr_prec": 85323,
            "CV_median": 0.3357180867,
            "CV_q90": 0.6038058766,
            "CV_q75": 0.4513077294,
            "CV_q95": 0.7193640108
        },
        "2": {
            "median_abs_epsilon": 0.2281139823,
            "mean_abs_epsilon": 0.5785296466,
            "variance_epsilon": 1.0926118192,
            "nr_prec": 91071,
            "CV_median": 0.3359840086,
            "CV_q90": 0.6111123726,
            "CV_q75": 0.4540554257,
            "CV_q95": 0.7314962792
        },
        "1": {
            "median_abs_epsilon": 0.2281139823,
            "mean_abs_epsilon": 0.5785296466,
            "variance_epsilon": 1.0926118192,
            "nr_prec": 93813,
            "CV_median": 0.3359840086,
            "CV_q90": 0.6111123726,
            "CV_q75": 0.4540554257,
            "CV_q95": 0.7314962792
        }
    },
    "weighted_sum": null,
    "color": "#d30067",
    "hover_text": "ProteoBench ID: DIA-NN_20250122_155618<br>Software tool: DIA-NN <br>Comment (private submission): ",
    "scatter_size": 40.0,
    "comments": "",
    "proteobench_version": "0.5.15",
    "scan_window": 13,
    "quantification_method_DIANN": null,
    "second_pass": false,
    "protein_inference": null,
    "predictors_library": {
        "RT": "DIANN",
        "IM": "DIANN",
        "MS2_int": "DIANN"
    },
    "submission_comments": "Conservative NNs for FDR control\n\nDataset URL: https://proteobench.cubimed.rub.de/datasets/0d696eb55d1ce3fdb4089b94aef1cb8c6be4934c/",
    "quantification_method": "QuantUMS high-precision",
    "mean_abs_epsilon": 0.5714107984,
    "abundance_normalization_ions": null
}