{
  "old_new": "new",
  "id": "DIA-NN_20250610_095254",
  "software_name": "DIA-NN",
  "software_version": "1.9.1",
  "search_engine": "DIA-NN",
  "search_engine_version": "1.9.1",
  "ident_fdr_psm": "0.01",
  "ident_fdr_peptide": NaN,
  "ident_fdr_protein": NaN,
  "enable_match_between_runs": true,
  "precursor_mass_tolerance": "[-7.67047 ppm, 7.67047 ppm]",
  "fragment_mass_tolerance": "[-15.9405 ppm, 15.9405 ppm]",
  "enzyme": "Trypsin/P",
  "allowed_miscleavages": "1",
  "min_peptide_length": "6",
  "max_peptide_length": "30",
  "is_temporary": false,
  "intermediate_hash": "17c2e4a10ea55b30bcf7f75f55e6f312d40de871",
  "results": {
    "6": {
      "median_abs_epsilon": 0.12645151691047118,
      "mean_abs_epsilon": 0.3593188534618453,
      "variance_epsilon": 0.5325319979082741,
      "nr_prec": 47335,
      "CV_median": 0.3131447065599178,
      "CV_q90": 0.509952920992202,
      "CV_q75": 0.39991648046640554,
      "CV_q95": 0.5934553161847096
    },
    "5": {
      "median_abs_epsilon": 0.14835868077740422,
      "mean_abs_epsilon": 0.415695915793399,
      "variance_epsilon": 0.6610639845190638,
      "nr_prec": 56368,
      "CV_median": 0.31570363932802503,
      "CV_q90": 0.5321580141713331,
      "CV_q75": 0.40954175627999795,
      "CV_q95": 0.6258339923739324
    },
    "4": {
      "median_abs_epsilon": 0.17408639700900252,
      "mean_abs_epsilon": 0.481739236180609,
      "variance_epsilon": 0.8110640631959839,
      "nr_prec": 65569,
      "CV_median": 0.3166775259395403,
      "CV_q90": 0.5461873046816761,
      "CV_q75": 0.41514397755876686,
      "CV_q95": 0.6458928405537236
    },
    "3": {
      "median_abs_epsilon": 0.191165686573342,
      "mean_abs_epsilon": 0.5065762265312445,
      "variance_epsilon": 0.8474047102059142,
      "nr_prec": 87691,
      "CV_median": 0.32074909389051737,
      "CV_q90": 0.557841072439471,
      "CV_q75": 0.42264390976474375,
      "CV_q95": 0.663667838344764
    },
    "2": {
      "median_abs_epsilon": 0.20729710231273124,
      "mean_abs_epsilon": 0.5392117964444108,
      "variance_epsilon": 0.9234681360086463,
      "nr_prec": 103142,
      "CV_median": 0.3210152504059217,
      "CV_q90": 0.5721730714300547,
      "CV_q75": 0.4274957647012323,
      "CV_q95": 0.6854613656507014
    },
    "1": {
      "median_abs_epsilon": 0.20729710231273124,
      "mean_abs_epsilon": 0.5392117964444108,
      "variance_epsilon": 0.9234681360086463,
      "nr_prec": 135656,
      "CV_median": 0.3210152504059217,
      "CV_q90": 0.5721730714300547,
      "CV_q75": 0.4274957647012323,
      "CV_q95": 0.6854613656507014
    }
  },
  "median_abs_epsilon": 0.191165686573342,
  "mean_abs_epsilon": 0.5065762265312445,
  "nr_prec": 87691,
  "comments": "",
  "proteobench_version": "0.8.22",
  "color": "#8c564b",
  "hover_text": "ProteoBench ID: DIA-NN_20250610_095254<br>Software tool: DIA-NN <br>Comment (private submission): ...",
  "scatter_size": 20,
  "fixed_mods": "unimod4",
  "variable_mods": "UniMod:35/15.994915/M,UniMod:1/42.010565/*n",
  "max_mods": "1",
  "min_precursor_charge": "1",
  "max_precursor_charge": "4",
  "quantification_method": "QuantUMS high-precision",
  "protein_inference": "Genes",
  "abundance_normalization_ions": null,
  "submission_comments": "\n\n ### Parameter changes detected:\n- **ident_fdr_protein**: `None` \u2192 `nan`\n- **ident_fdr_peptide**: `None` \u2192 `nan`\n\nDataset URL: https://proteobench.cubimed.rub.de/datasets/17c2e4a10ea55b30bcf7f75f55e6f312d40de871/"
}