{
    "id": "DIA-NN_20241216_121143",
    "software_name": "DIA-NN",
    "software_version": "1.9.1",
    "search_engine_version": "1.9.1",
    "search_engine": "DIA-NN",
    "ident_fdr_psm": null,
    "ident_fdr_peptide": 0.01,
    "ident_fdr_protein": 0.01,
    "enable_match_between_runs": 1.0,
    "precursor_mass_tolerance": "[-15.9405 ppm, 15.9405 ppm]",
    "precursor_mass_tolerance_unit": null,
    "fragment_mass_tolerance": "[-15.9405 ppm, 15.9405 ppm]",
    "fragment_mass_tolerance_unit": null,
    "enzyme": "Trypsin/P",
    "allowed_miscleavages": 1,
    "min_peptide_length": 6,
    "max_peptide_length": 30,
    "intermediate_hash": "17c2e4a10ea55b30bcf7f75f55e6f312d40de871",
    "fixed_mods": "unimod4",
    "variable_mods": "UniMod:35/15.994915/M,UniMod:1/42.010565/*n",
    "max_mods": 1,
    "min_precursor_charge": 1.0,
    "max_precursor_charge": 4.0,
    "median_abs_epsilon": 0.1911656866,
    "nr_prec": 87691,
    "is_temporary": false,
    "old_new": "old",
    "results": {
        "6": {
            "median_abs_epsilon": 0.1264515169,
            "mean_abs_epsilon": 0.3593188535,
            "variance_epsilon": 0.5325319979,
            "nr_prec": 47335,
            "CV_median": 0.3131447066,
            "CV_q90": 0.509952921,
            "CV_q75": 0.3999164805,
            "CV_q95": 0.5934553162
        },
        "5": {
            "median_abs_epsilon": 0.1483586808,
            "mean_abs_epsilon": 0.4156959158,
            "variance_epsilon": 0.6610639845,
            "nr_prec": 56368,
            "CV_median": 0.3157036393,
            "CV_q90": 0.5321580142,
            "CV_q75": 0.4095417563,
            "CV_q95": 0.6258339924
        },
        "4": {
            "median_abs_epsilon": 0.174086397,
            "mean_abs_epsilon": 0.4817392362,
            "variance_epsilon": 0.8110640632,
            "nr_prec": 65569,
            "CV_median": 0.3166775259,
            "CV_q90": 0.5461873047,
            "CV_q75": 0.4151439776,
            "CV_q95": 0.6458928406
        },
        "3": {
            "median_abs_epsilon": 0.1911656866,
            "mean_abs_epsilon": 0.5065762265,
            "variance_epsilon": 0.8474047102,
            "nr_prec": 87691,
            "CV_median": 0.3207490939,
            "CV_q90": 0.5578410724,
            "CV_q75": 0.4226439098,
            "CV_q95": 0.6636678383
        },
        "2": {
            "median_abs_epsilon": 0.2072971023,
            "mean_abs_epsilon": 0.5392117964,
            "variance_epsilon": 0.923468136,
            "nr_prec": 103142,
            "CV_median": 0.3210152504,
            "CV_q90": 0.5721730714,
            "CV_q75": 0.4274957647,
            "CV_q95": 0.6854613657
        },
        "1": {
            "median_abs_epsilon": 0.2072971023,
            "mean_abs_epsilon": 0.5392117964,
            "variance_epsilon": 0.923468136,
            "nr_prec": 135656,
            "CV_median": 0.3210152504,
            "CV_q90": 0.5721730714,
            "CV_q75": 0.4274957647,
            "CV_q95": 0.6854613657
        }
    },
    "weighted_sum": null,
    "color": "#8c564b",
    "hover_text": "ProteoBench ID: DIA-NN_20241216_121143<br>Software tool: DIA-NN <br>Comment (private submission): ",
    "scatter_size": 20.0,
    "comments": "",
    "proteobench_version": "0.5.8",
    "scan_window": 13,
    "quantification_method_DIANN": null,
    "second_pass": false,
    "protein_inference": null,
    "predictors_library": {
        "RT": "DIANN",
        "IM": "DIANN",
        "MS2_int": "DIANN"
    },
    "submission_comments": "\n\nDataset URL: https://proteobench.cubimed.rub.de/datasets/17c2e4a10ea55b30bcf7f75f55e6f312d40de871/",
    "quantification_method": "QuantUMS high-precision",
    "mean_abs_epsilon": 0.5065762265,
    "abundance_normalization_ions": null
}