{
  "old_new": "new",
  "id": "DIA-NN_20250610_095254",
  "software_name": "DIA-NN",
  "software_version": "1.9.1",
  "search_engine": "DIA-NN",
  "search_engine_version": "1.9.1",
  "ident_fdr_psm": 0.01,
  "ident_fdr_peptide": NaN,
  "ident_fdr_protein": NaN,
  "enable_match_between_runs": true,
  "precursor_mass_tolerance": "[-7.67047 ppm, 7.67047 ppm]",
  "fragment_mass_tolerance": "[-15.9405 ppm, 15.9405 ppm]",
  "enzyme": "Trypsin/P",
  "allowed_miscleavages": 1,
  "min_peptide_length": 6,
  "max_peptide_length": 30,
  "is_temporary": false,
  "intermediate_hash": "17c2e4a10ea55b30bcf7f75f55e6f312d40de871",
  "results": {
    "6": {
      "median_abs_epsilon_global": 0.1249864774128362,
      "median_abs_epsilon_eq_species": 0.13849614684141423,
      "median_abs_epsilon_ECOLI": 0.14438715547913006,
      "median_abs_epsilon_HUMAN": 0.11665551652113493,
      "median_abs_epsilon_YEAST": 0.15444576852397773,
      "mean_abs_epsilon_global": 0.3545280118289958,
      "mean_abs_epsilon_eq_species": 0.35581678301843045,
      "mean_abs_epsilon_ECOLI": 0.3570006648058611,
      "mean_abs_epsilon_HUMAN": 0.3538986426681098,
      "mean_abs_epsilon_YEAST": 0.3565510415813205,
      "median_log2_empirical_ECOLI": -1.9955351741672693,
      "median_log2_empirical_HUMAN": -0.04458864265638951,
      "median_log2_empirical_YEAST": 1.080578399152472,
      "median_abs_epsilon_precision_global": 0.11938023531948971,
      "median_abs_epsilon_precision_eq_species": 0.1297224829228322,
      "median_abs_epsilon_precision_ECOLI": 0.14437612289865598,
      "median_abs_epsilon_precision_HUMAN": 0.11644687497039996,
      "median_abs_epsilon_precision_YEAST": 0.1283444508994407,
      "mean_log2_empirical_ECOLI": -1.9747101810291008,
      "mean_log2_empirical_HUMAN": -0.13868472495553005,
      "mean_log2_empirical_YEAST": 1.0055632780684385,
      "mean_abs_epsilon_precision_global": 0.36550474644832337,
      "mean_abs_epsilon_precision_eq_species": 0.360405793249138,
      "mean_abs_epsilon_precision_ECOLI": 0.35790542411434256,
      "mean_abs_epsilon_precision_HUMAN": 0.3687160638454441,
      "mean_abs_epsilon_precision_YEAST": 0.3545958917876275,
      "CV_median": 0.14529114474887525,
      "CV_q75": 0.23007829172563643,
      "CV_q90": 0.33764764032541417,
      "CV_q95": 0.42148270122548803,
      "roc_auc": 0.8903333436146867,
      "roc_auc_directional": 0.92738781248184,
      "nr_prec": 47335,
      "nr_prec_HUMAN": 36299,
      "nr_prec_YEAST": 9881,
      "nr_prec_ECOLI": 1155,
      "variance_epsilon_global": 0.5324342225617383
    },
    "5": {
      "median_abs_epsilon_global": 0.1433253177288787,
      "median_abs_epsilon_eq_species": 0.1640677536859799,
      "median_abs_epsilon_ECOLI": 0.1844064404148309,
      "median_abs_epsilon_HUMAN": 0.13376407220505016,
      "median_abs_epsilon_YEAST": 0.1740327484380586,
      "mean_abs_epsilon_global": 0.4064366434951469,
      "mean_abs_epsilon_eq_species": 0.41196261130990464,
      "mean_abs_epsilon_ECOLI": 0.4384257805243764,
      "mean_abs_epsilon_HUMAN": 0.41091988618044745,
      "mean_abs_epsilon_YEAST": 0.38654216722489015,
      "median_log2_empirical_ECOLI": -1.9906686867983865,
      "median_log2_empirical_HUMAN": -0.04605534004441125,
      "median_log2_empirical_YEAST": 1.0846840842714371,
      "median_abs_epsilon_precision_global": 0.1375118753899116,
      "median_abs_epsilon_precision_eq_species": 0.15453946017233555,
      "median_abs_epsilon_precision_ECOLI": 0.18243064265281994,
      "median_abs_epsilon_precision_HUMAN": 0.13315741707496542,
      "median_abs_epsilon_precision_YEAST": 0.1480303207892213,
      "mean_log2_empirical_ECOLI": -1.908294878097565,
      "mean_log2_empirical_HUMAN": -0.12183505139986892,
      "mean_log2_empirical_YEAST": 1.0234021099292523,
      "mean_abs_epsilon_precision_global": 0.4106443401320385,
      "mean_abs_epsilon_precision_eq_species": 0.4159940880920829,
      "mean_abs_epsilon_precision_ECOLI": 0.4503549689212697,
      "mean_abs_epsilon_precision_HUMAN": 0.41798915086204885,
      "mean_abs_epsilon_precision_YEAST": 0.37963814449293,
      "CV_median": 0.15037547643530436,
      "CV_q75": 0.24145591055451807,
      "CV_q90": 0.36009181701683224,
      "CV_q95": 0.4546697121907472,
      "roc_auc": 0.8734538445992416,
      "roc_auc_directional": 0.9133938022045847,
      "nr_prec": 56368,
      "nr_prec_HUMAN": 42792,
      "nr_prec_YEAST": 12068,
      "nr_prec_ECOLI": 1508,
      "variance_epsilon_global": 0.6625555645001399
    },
    "4": {
      "median_abs_epsilon_global": 0.16548335613017784,
      "median_abs_epsilon_eq_species": 0.19773839412771346,
      "median_abs_epsilon_ECOLI": 0.24287212725094065,
      "median_abs_epsilon_HUMAN": 0.15378534464790228,
      "median_abs_epsilon_YEAST": 0.1965577104842975,
      "mean_abs_epsilon_global": 0.4716959428760618,
      "mean_abs_epsilon_eq_species": 0.5024049587092341,
      "mean_abs_epsilon_ECOLI": 0.5929329893355328,
      "mean_abs_epsilon_HUMAN": 0.47657408604273754,
      "mean_abs_epsilon_YEAST": 0.43770780074943166,
      "median_log2_empirical_ECOLI": -1.9771752298248408,
      "median_log2_empirical_HUMAN": -0.048103228104878326,
      "median_log2_empirical_YEAST": 1.084537193710684,
      "median_abs_epsilon_precision_global": 0.15857792393142134,
      "median_abs_epsilon_precision_eq_species": 0.18800253710885073,
      "median_abs_epsilon_precision_ECOLI": 0.24047868848682796,
      "median_abs_epsilon_precision_HUMAN": 0.15221314434804256,
      "median_abs_epsilon_precision_YEAST": 0.17131577849168167,
      "mean_log2_empirical_ECOLI": -1.8033787756649282,
      "mean_log2_empirical_HUMAN": -0.1082337705546763,
      "mean_log2_empirical_YEAST": 1.037139346996569,
      "mean_abs_epsilon_precision_global": 0.4724460789180098,
      "mean_abs_epsilon_precision_eq_species": 0.5129182052802862,
      "mean_abs_epsilon_precision_ECOLI": 0.6313966163755126,
      "mean_abs_epsilon_precision_HUMAN": 0.4785815295738201,
      "mean_abs_epsilon_precision_YEAST": 0.4287764698915259,
      "CV_median": 0.15313320301529262,
      "CV_q75": 0.2488172612794937,
      "CV_q90": 0.37669662991952335,
      "CV_q95": 0.48030711280653693,
      "roc_auc": 0.8510550536857426,
      "roc_auc_directional": 0.8893570408325107,
      "nr_prec": 65569,
      "nr_prec_HUMAN": 49172,
      "nr_prec_YEAST": 14352,
      "nr_prec_ECOLI": 2045,
      "variance_epsilon_global": 0.8283781573739463
    },
    "3": {
      "median_abs_epsilon_global": 0.1791082797014134,
      "median_abs_epsilon_eq_species": 0.21795311003019258,
      "median_abs_epsilon_ECOLI": 0.2776013447657455,
      "median_abs_epsilon_HUMAN": 0.16728818571630555,
      "median_abs_epsilon_YEAST": 0.20896979960852669,
      "mean_abs_epsilon_global": 0.4925545328552522,
      "mean_abs_epsilon_eq_species": 0.5542177445073905,
      "mean_abs_epsilon_ECOLI": 0.709542558820344,
      "mean_abs_epsilon_HUMAN": 0.49268693498675936,
      "mean_abs_epsilon_YEAST": 0.4604237397150681,
      "median_log2_empirical_ECOLI": -1.949277106755087,
      "median_log2_empirical_HUMAN": -0.047190657789254686,
      "median_log2_empirical_YEAST": 1.0777294565294486,
      "median_abs_epsilon_precision_global": 0.1723634472852673,
      "median_abs_epsilon_precision_eq_species": 0.21089126512440556,
      "median_abs_epsilon_precision_ECOLI": 0.2809640276825718,
      "median_abs_epsilon_precision_HUMAN": 0.16601837963736799,
      "median_abs_epsilon_precision_YEAST": 0.1856913880532769,
      "mean_log2_empirical_ECOLI": -1.666043037143414,
      "mean_log2_empirical_HUMAN": -0.10299095432256716,
      "mean_log2_empirical_YEAST": 1.012157589771087,
      "mean_abs_epsilon_precision_global": 0.49512061776925503,
      "mean_abs_epsilon_precision_eq_species": 0.5780435478069247,
      "mean_abs_epsilon_precision_ECOLI": 0.7828469907178498,
      "mean_abs_epsilon_precision_HUMAN": 0.4938819976864279,