{
  "old_new": "new",
  "id": "DIA-NN_20250610_095254",
  "software_name": "DIA-NN",
  "software_version": "1.9.1",
  "search_engine": "DIA-NN",
  "search_engine_version": "1.9.1",
  "ident_fdr_psm": 0.01,
  "ident_fdr_peptide": NaN,
  "ident_fdr_protein": NaN,
  "enable_match_between_runs": true,
  "precursor_mass_tolerance": "[-7.67047 ppm, 7.67047 ppm]",
  "fragment_mass_tolerance": "[-15.9405 ppm, 15.9405 ppm]",
  "enzyme": "Trypsin/P",
  "allowed_miscleavages": 1,
  "min_peptide_length": 6,
  "max_peptide_length": 30,
  "is_temporary": false,
  "intermediate_hash": "17c2e4a10ea55b30bcf7f75f55e6f312d40de871",
  "results": {
    "6": {
      "median_abs_epsilon_global": 0.12377119870258468,
      "median_abs_epsilon_eq_species": 0.13737678789249466,
      "median_abs_epsilon_ECOLI": 0.14332509991869458,
      "median_abs_epsilon_HUMAN": 0.11582547137513899,
      "median_abs_epsilon_YEAST": 0.15297979238365045,
      "mean_abs_epsilon_global": 0.3485995262298308,
      "mean_abs_epsilon_eq_species": 0.3515782844138185,
      "mean_abs_epsilon_ECOLI": 0.35605839695308183,
      "mean_abs_epsilon_HUMAN": 0.3477170426430343,
      "mean_abs_epsilon_YEAST": 0.3509594136453394,
      "median_log2_empirical_ECOLI": -1.9968141056926854,
      "median_log2_empirical_HUMAN": -0.0450457739072192,
      "median_log2_empirical_YEAST": 1.082007497802735,
      "median_abs_epsilon_precision_global": 0.11855963020187943,
      "median_abs_epsilon_precision_eq_species": 0.12860724812042199,
      "median_abs_epsilon_precision_ECOLI": 0.14312068012286971,
      "median_abs_epsilon_precision_HUMAN": 0.1158910307320653,
      "median_abs_epsilon_precision_YEAST": 0.1268100335063309,
      "mean_log2_empirical_ECOLI": -1.9770541851637524,
      "mean_log2_empirical_HUMAN": -0.1431034177702205,
      "mean_log2_empirical_YEAST": 1.0109092901858276,
      "mean_abs_epsilon_precision_global": 0.3602997554747993,
      "mean_abs_epsilon_precision_eq_species": 0.35598417797482024,
      "mean_abs_epsilon_precision_ECOLI": 0.3568230875973997,
      "mean_abs_epsilon_precision_HUMAN": 0.3640048015145383,
      "mean_abs_epsilon_precision_YEAST": 0.3471246448125228,
      "CV_median": 0.14515573607492704,
      "CV_q75": 0.22993813989926515,
      "CV_q90": 0.3369399212803311,
      "CV_q95": 0.4202653333957032,
      "roc_auc": 0.8939472056779265,
      "roc_auc_directional": 0.928459489154883,
      "nr_prec": 46749,
      "nr_prec_HUMAN": 35829,
      "nr_prec_YEAST": 9773,
      "nr_prec_ECOLI": 1147,
      "variance_epsilon_global": 0.512934692081095
    },
    "5": {
      "median_abs_epsilon_global": 0.14228093311583834,
      "median_abs_epsilon_eq_species": 0.163180759799855,
      "median_abs_epsilon_ECOLI": 0.18415817845208338,
      "median_abs_epsilon_HUMAN": 0.13286601936358977,
      "median_abs_epsilon_YEAST": 0.1725180815838918,
      "mean_abs_epsilon_global": 0.40075607956618053,
      "mean_abs_epsilon_eq_species": 0.4081654794628638,
      "mean_abs_epsilon_ECOLI": 0.4382705155822055,
      "mean_abs_epsilon_HUMAN": 0.40492234203814426,
      "mean_abs_epsilon_YEAST": 0.3813035807682417,
      "median_log2_empirical_ECOLI": -1.990674919073772,
      "median_log2_empirical_HUMAN": -0.046518971197496484,
      "median_log2_empirical_YEAST": 1.0863534573557683,
      "median_abs_epsilon_precision_global": 0.13659257393009128,
      "median_abs_epsilon_precision_eq_species": 0.1530980687213018,
      "median_abs_epsilon_precision_ECOLI": 0.18086518130917995,
      "median_abs_epsilon_precision_HUMAN": 0.1323957768632411,
      "median_abs_epsilon_precision_YEAST": 0.14603324799148432,
      "mean_log2_empirical_ECOLI": -1.9095115275769787,
      "mean_log2_empirical_HUMAN": -0.12701099197946522,
      "mean_log2_empirical_YEAST": 1.027291102712682,
      "mean_abs_epsilon_precision_global": 0.4056879826381834,
      "mean_abs_epsilon_precision_eq_species": 0.41215076582511107,
      "mean_abs_epsilon_precision_ECOLI": 0.44992989187568566,
      "mean_abs_epsilon_precision_HUMAN": 0.4132896706331417,
      "mean_abs_epsilon_precision_YEAST": 0.3732327349665057,
      "CV_median": 0.15026777881959177,
      "CV_q75": 0.24132238109839943,
      "CV_q90": 0.35956130044744433,
      "CV_q95": 0.4536124733043409,
      "roc_auc": 0.8767633828342356,
      "roc_auc_directional": 0.9144014567935733,
      "nr_prec": 55724,
      "nr_prec_HUMAN": 42279,
      "nr_prec_YEAST": 11946,
      "nr_prec_ECOLI": 1499,
      "variance_epsilon_global": 0.6422782074162474
    },
    "4": {
      "median_abs_epsilon_global": 0.16454400598742858,
      "median_abs_epsilon_eq_species": 0.1967390906094829,
      "median_abs_epsilon_ECOLI": 0.24257562755183848,
      "median_abs_epsilon_HUMAN": 0.15308126654353416,
      "median_abs_epsilon_YEAST": 0.194560377733076,
      "mean_abs_epsilon_global": 0.4664779006864881,
      "mean_abs_epsilon_eq_species": 0.4986581986784679,
      "mean_abs_epsilon_ECOLI": 0.5916673349353532,
      "mean_abs_epsilon_HUMAN": 0.4709245079752478,
      "mean_abs_epsilon_YEAST": 0.4333827531248026,
      "median_log2_empirical_ECOLI": -1.9773470163476734,
      "median_log2_empirical_HUMAN": -0.04859288322388089,
      "median_log2_empirical_YEAST": 1.0861713270130124,
      "median_abs_epsilon_precision_global": 0.15757887657067382,
      "median_abs_epsilon_precision_eq_species": 0.18689241705402773,
      "median_abs_epsilon_precision_ECOLI": 0.23958051204831143,
      "median_abs_epsilon_precision_HUMAN": 0.15144739280760433,
      "median_abs_epsilon_precision_YEAST": 0.16964934630616746,
      "mean_log2_empirical_ECOLI": -1.8056397192798204,
      "mean_log2_empirical_HUMAN": -0.11365334206701444,
      "mean_log2_empirical_YEAST": 1.0401597500728237,
      "mean_abs_epsilon_precision_global": 0.4677829698987232,
      "mean_abs_epsilon_precision_eq_species": 0.5089762499104928,
      "mean_abs_epsilon_precision_ECOLI": 0.62931766600939,
      "mean_abs_epsilon_precision_HUMAN": 0.47392964656749154,
      "mean_abs_epsilon_precision_YEAST": 0.42368143715459694,
      "CV_median": 0.15301413545048229,
      "CV_q75": 0.2487280021548583,
      "CV_q90": 0.37628449779701095,
      "CV_q95": 0.4794990830919953,
      "roc_auc": 0.8539649642320845,
      "roc_auc_directional": 0.8903752309399602,
      "nr_prec": 64876,
      "nr_prec_HUMAN": 48616,
      "nr_prec_YEAST": 14226,
      "nr_prec_ECOLI": 2034,
      "variance_epsilon_global": 0.8090462239126278
    },
    "3": {
      "median_abs_epsilon_global": 0.17806396947498726,
      "median_abs_epsilon_eq_species": 0.21719903236163063,
      "median_abs_epsilon_ECOLI": 0.27766915720428464,
      "median_abs_epsilon_HUMAN": 0.16647163230763518,
      "median_abs_epsilon_YEAST": 0.20745630757297207,
      "mean_abs_epsilon_global": 0.487822849368426,
      "mean_abs_epsilon_eq_species": 0.5510102276981034,
      "mean_abs_epsilon_ECOLI": 0.708967987741326,
      "mean_abs_epsilon_HUMAN": 0.4874901706440413,
      "mean_abs_epsilon_YEAST": 0.45657252470894283,
      "median_log2_empirical_ECOLI": -1.9490462387238772,
      "median_log2_empirical_HUMAN": -0.047738221389797886,
      "median_log2_empirical_YEAST": 1.0794097785592989,
      "median_abs_epsilon_precision_global": 0.17131779265583624,
      "median_abs_epsilon_precision_eq_species": 0.209840494742321,
      "median_abs_epsilon_precision_ECOLI": 0.2802831409309121,
      "median_abs_epsilon_precision_HUMAN": 0.16521135774213036,
      "median_abs_epsilon_precision_YEAST": 0.1840269855539205,
      "mean_log2_empirical_ECOLI": -1.667416732067326,
      "mean_log2_empirical_HUMAN": -0.10804013841109318,
      "mean_log2_empirical_YEAST": 1.0149346790164766,
      "mean_abs_epsilon_precision_global": 0.4908288116282357,
      "mean_abs_epsilon_precision_eq_species": 0.5746821075211085,
      "mean_abs_epsilon_precision_ECOLI": 0.7817310722059898,
      "mean_abs_epsilon_precision_HUMAN": 0.48949098057235335,