{
  "old_new": "new",
  "id": "FragPipe (DIA-NN quant)_20250622_135352",
  "software_name": "FragPipe (DIA-NN quant)",
  "software_version": "23.0",
  "search_engine": "MSFragger",
  "search_engine_version": "4.2",
  "ident_fdr_psm": "0.01",
  "ident_fdr_peptide": null,
  "ident_fdr_protein": "0.01",
  "enable_match_between_runs": false,
  "precursor_mass_tolerance": "[-20 ppm, 20 ppm]",
  "fragment_mass_tolerance": "[-20 ppm, 20 ppm]",
  "enzyme": "Trypsin/P",
  "allowed_miscleavages": 1,
  "min_peptide_length": 7,
  "max_peptide_length": 50,
  "is_temporary": false,
  "intermediate_hash": "1c5535b3693172fc836046a97998b2a46790e876",
  "results": {
    "6": {
      "median_abs_epsilon_global": 0.1190375121820324,
      "median_abs_epsilon_eq_species": 0.15287892086530044,
      "median_abs_epsilon_ECOLI": 0.20961143542442429,
      "median_abs_epsilon_HUMAN": 0.1122876947916076,
      "median_abs_epsilon_YEAST": 0.13673763237986947,
      "mean_abs_epsilon_global": 0.4121617328824385,
      "mean_abs_epsilon_eq_species": 0.4359595270822587,
      "mean_abs_epsilon_ECOLI": 0.5177065829911547,
      "mean_abs_epsilon_HUMAN": 0.4196176727858748,
      "mean_abs_epsilon_YEAST": 0.37055432546974654,
      "median_log2_empirical_ECOLI": -1.9201311490368909,
      "median_log2_empirical_HUMAN": -0.057522214641071656,
      "median_log2_empirical_YEAST": 1.018254109991748,
      "median_abs_epsilon_precision_global": 0.11196658568499629,
      "median_abs_epsilon_precision_eq_species": 0.14745641115884803,
      "median_abs_epsilon_precision_ECOLI": 0.20480345968342206,
      "median_abs_epsilon_precision_HUMAN": 0.10472904320227272,
      "median_abs_epsilon_precision_YEAST": 0.13283673059084933,
      "mean_log2_empirical_ECOLI": -1.7530514007205718,
      "mean_log2_empirical_HUMAN": -0.11575145117311152,
      "mean_log2_empirical_YEAST": 0.9388529368705301,
      "mean_abs_epsilon_precision_global": 0.4157238023472621,
      "mean_abs_epsilon_precision_eq_species": 0.44959443776397817,
      "mean_abs_epsilon_precision_ECOLI": 0.5455444463238726,
      "mean_abs_epsilon_precision_HUMAN": 0.41935052016381946,
      "mean_abs_epsilon_precision_YEAST": 0.3838883468042424,
      "CV_median": 0.12944446713148033,
      "CV_q75": 0.20622338387584976,
      "CV_q90": 0.31123052946740803,
      "CV_q95": 0.40299634099965453,
      "roc_auc": 0.8516968074279545,
      "roc_auc_directional": 0.9025897967249257,
      "nr_prec": 52369,
      "nr_prec_HUMAN": 39405,
      "nr_prec_YEAST": 11295,
      "nr_prec_ECOLI": 1669,
      "variance_epsilon_global": 0.7087699779654418
    },
    "5": {
      "median_abs_epsilon_global": 0.1361992164115442,
      "median_abs_epsilon_eq_species": 0.18717546049940026,
      "median_abs_epsilon_ECOLI": 0.2775737396281919,
      "median_abs_epsilon_HUMAN": 0.12667619936494745,
      "median_abs_epsilon_YEAST": 0.15727644250506145,
      "mean_abs_epsilon_global": 0.4910513956755041,
      "mean_abs_epsilon_eq_species": 0.5201182093113832,
      "mean_abs_epsilon_ECOLI": 0.6375898655711605,
      "mean_abs_epsilon_HUMAN": 0.5053249006515436,
      "mean_abs_epsilon_YEAST": 0.4174398617114455,
      "median_log2_empirical_ECOLI": -1.8980656517160277,
      "median_log2_empirical_HUMAN": -0.056032793375742074,
      "median_log2_empirical_YEAST": 1.0137600735003574,
      "median_abs_epsilon_precision_global": 0.13030413530415785,
      "median_abs_epsilon_precision_eq_species": 0.18198757427210074,
      "median_abs_epsilon_precision_ECOLI": 0.27171056943102556,
      "median_abs_epsilon_precision_HUMAN": 0.11984218710155048,
      "median_abs_epsilon_precision_YEAST": 0.15440996628372616,
      "mean_log2_empirical_ECOLI": -1.6661131711129369,
      "mean_log2_empirical_HUMAN": -0.0680343682731953,
      "mean_log2_empirical_YEAST": 0.9477263526110536,
      "mean_abs_epsilon_precision_global": 0.48806353304639655,
      "mean_abs_epsilon_precision_eq_species": 0.5327010102932195,
      "mean_abs_epsilon_precision_ECOLI": 0.6752133606146802,
      "mean_abs_epsilon_precision_HUMAN": 0.4969703686341509,
      "mean_abs_epsilon_precision_YEAST": 0.42591930163082736,
      "CV_median": 0.13188474989408283,
      "CV_q75": 0.21306055721022515,
      "CV_q90": 0.32873539521114603,
      "CV_q95": 0.43367127116746684,
      "roc_auc": 0.8217781238739514,
      "roc_auc_directional": 0.8810707403429243,
      "nr_prec": 59187,
      "nr_prec_HUMAN": 44101,
      "nr_prec_YEAST": 12901,
      "nr_prec_ECOLI": 2185,
      "variance_epsilon_global": 0.9462582351006036
    },
    "4": {
      "median_abs_epsilon_global": 0.15332864104783894,
      "median_abs_epsilon_eq_species": 0.22190153337972518,
      "median_abs_epsilon_ECOLI": 0.3500445737722444,
      "median_abs_epsilon_HUMAN": 0.14107016530324046,
      "median_abs_epsilon_YEAST": 0.17458986106369068,
      "mean_abs_epsilon_global": 0.58039031016108,
      "mean_abs_epsilon_eq_species": 0.6071390207379949,
      "mean_abs_epsilon_ECOLI": 0.7387074314541142,
      "mean_abs_epsilon_HUMAN": 0.60039678485499,
      "mean_abs_epsilon_YEAST": 0.48231284590488044,
      "median_log2_empirical_ECOLI": -1.8817817618306272,
      "median_log2_empirical_HUMAN": -0.051910417813310517,
      "median_log2_empirical_YEAST": 1.014722980690527,
      "median_abs_epsilon_precision_global": 0.14780747463350608,
      "median_abs_epsilon_precision_eq_species": 0.22225711157844388,
      "median_abs_epsilon_precision_ECOLI": 0.3594652221918402,
      "median_abs_epsilon_precision_HUMAN": 0.1341986538441482,
      "median_abs_epsilon_precision_YEAST": 0.1731074586993433,
      "mean_log2_empirical_ECOLI": -1.6287577308961299,
      "mean_log2_empirical_HUMAN": 0.01311234495533052,
      "mean_log2_empirical_YEAST": 0.9934432471306333,
      "mean_abs_epsilon_precision_global": 0.5846823669890397,
      "mean_abs_epsilon_precision_eq_species": 0.6196333768686229,
      "mean_abs_epsilon_precision_ECOLI": 0.7718872643989516,
      "mean_abs_epsilon_precision_HUMAN": 0.6041981396302861,
      "mean_abs_epsilon_precision_YEAST": 0.4828147265766306,
      "CV_median": 0.13267274751610925,
      "CV_q75": 0.21496402432200384,
      "CV_q90": 0.33394999917509677,
      "CV_q95": 0.4425738639884286,
      "roc_auc": 0.794115401238837,
      "roc_auc_directional": 0.8615803139150452,
      "nr_prec": 64701,
      "nr_prec_HUMAN": 47959,
      "nr_prec_YEAST": 14080,
      "nr_prec_ECOLI": 2662,
      "variance_epsilon_global": 1.2520372850780588
    },
    "3": {
      "median_abs_epsilon_global": 0.15679343129478163,
      "median_abs_epsilon_eq_species": 0.22935854819787652,
      "median_abs_epsilon_ECOLI": 0.36603020758032656,
      "median_abs_epsilon_HUMAN": 0.14374082450981973,
      "median_abs_epsilon_YEAST": 0.17830461250348328,
      "mean_abs_epsilon_global": 0.585395818720095,
      "mean_abs_epsilon_eq_species": 0.621148141285314,
      "mean_abs_epsilon_ECOLI": 0.7719133773936726,
      "mean_abs_epsilon_HUMAN": 0.6034661343915958,
      "mean_abs_epsilon_YEAST": 0.48806491207067354,
      "median_log2_empirical_ECOLI": -1.8723738943115826,
      "median_log2_empirical_HUMAN": -0.05159339481884828,
      "median_log2_empirical_YEAST": 1.0132723171072318,
      "median_abs_epsilon_precision_global": 0.1512686465547235,
      "median_abs_epsilon_precision_eq_species": 0.23158348670700887,
      "median_abs_epsilon_precision_ECOLI": 0.37953607921066634,
      "median_abs_epsilon_precision_HUMAN": 0.13721991152023705,
      "median_abs_epsilon_precision_YEAST": 0.1779944693901232,
      "mean_log2_empirical_ECOLI": -1.5885858877229688,
      "mean_log2_empirical_HUMAN": 0.014537131725711479,
      "mean_log2_empirical_YEAST": 0.9842527369017334,
      "mean_abs_epsilon_precision_global": 0.5902536714415636,
      "mean_abs_epsilon_precision_eq_species": 0.6348077616513688,
      "mean_abs_epsilon_precision_ECOLI": 0.8074142129963905,
      "mean_abs_epsilon_precision_HUMAN": 0.6076362880319303,