{
  "old_new": "new",
  "id": "FragPipe (DIA-NN quant)_20250622_135352",
  "software_name": "FragPipe (DIA-NN quant)",
  "software_version": "23.0",
  "search_engine": "MSFragger",
  "search_engine_version": "4.2",
  "ident_fdr_psm": "0.01",
  "ident_fdr_peptide": null,
  "ident_fdr_protein": "0.01",
  "enable_match_between_runs": false,
  "precursor_mass_tolerance": "[-20 ppm, 20 ppm]",
  "fragment_mass_tolerance": "[-20 ppm, 20 ppm]",
  "enzyme": "Trypsin/P",
  "allowed_miscleavages": "1",
  "min_peptide_length": "7",
  "max_peptide_length": "50",
  "is_temporary": false,
  "intermediate_hash": "1c5535b3693172fc836046a97998b2a46790e876",
  "results": {
    "6": {
      "median_abs_epsilon": 0.11936353457237914,
      "mean_abs_epsilon": 0.41508475947839885,
      "variance_epsilon": 0.7136272231131843,
      "nr_prec": 52471,
      "CV_median": 0.32424311670639494,
      "CV_q90": 0.5229837589063141,
      "CV_q75": 0.4061129659095063,
      "CV_q95": 0.6127317267793801
    },
    "5": {
      "median_abs_epsilon": 0.13912785099687675,
      "mean_abs_epsilon": 0.49616135828866353,
      "variance_epsilon": 0.9470494076897717,
      "nr_prec": 59300,
      "CV_median": 0.3262178721051465,
      "CV_q90": 0.5425345158402535,
      "CV_q75": 0.4137750716238898,
      "CV_q95": 0.6436000096445833
    },
    "4": {
      "median_abs_epsilon": 0.15831362166215435,
      "mean_abs_epsilon": 0.5809164512692411,
      "variance_epsilon": 1.223287820181717,
      "nr_prec": 64826,
      "CV_median": 0.3269404100848696,
      "CV_q90": 0.5485359859386478,
      "CV_q75": 0.4163114891340898,
      "CV_q95": 0.6520537940013281
    },
    "3": {
      "median_abs_epsilon": 0.16264639225922117,
      "mean_abs_epsilon": 0.5872685173945135,
      "variance_epsilon": 1.2311988603355846,
      "nr_prec": 73196,
      "CV_median": 0.32852084582075836,
      "CV_q90": 0.5505774577365075,
      "CV_q75": 0.4185178624892868,
      "CV_q95": 0.6547941288755704
    },
    "2": {
      "median_abs_epsilon": 0.16403843471276502,
      "mean_abs_epsilon": 0.5891959989684081,
      "variance_epsilon": 1.2324473488328436,
      "nr_prec": 74645,
      "CV_median": 0.3285222360867365,
      "CV_q90": 0.5519049841818782,
      "CV_q75": 0.4189514923087147,
      "CV_q95": 0.6567725732182901
    },
    "1": {
      "median_abs_epsilon": 0.16403843471276502,
      "mean_abs_epsilon": 0.5891959989684082,
      "variance_epsilon": 1.2324473488328436,
      "nr_prec": 75299,
      "CV_median": 0.3285222360867365,
      "CV_q90": 0.5519049841818782,
      "CV_q75": 0.4189514923087147,
      "CV_q95": 0.6567725732182901
    }
  },
  "median_abs_epsilon": 0.16264639225922117,
  "mean_abs_epsilon": 0.5872685173945135,
  "nr_prec": 73196,
  "comments": "",
  "proteobench_version": "0.8.23",
  "color": "#d30067",
  "hover_text": "ProteoBench ID: FragPipe (DIA-NN quant)_20250622_135352<br>Software tool: FragPipe (DIA-NN quant) <br>Comment (private submission): ...",
  "scatter_size": 40,
  "fixed_mods": "0.0,C-Term Peptide,true,-1; 0.0,N-Term Peptide,true,-1; 0.0,C-Term Protein,true,-1; 0.0,N-Term Protein,true,-1; 0.0,G (glycine),true,-1; 0.0,A (alanine),true,-1; 0.0,S (serine),true,-1; 0.0,P (proline),true,-1; 0.0,V (valine),true,-1; 0.0,T (threonine),true,-1; 57.02146,C (cysteine),true,-1; 0.0,L (leucine),true,-1; 0.0,I (isoleucine),true,-1; 0.0,N (asparagine),true,-1; 0.0,D (aspartic acid),true,-1; 0.0,Q (glutamine),true,-1; 0.0,K (lysine),true,-1; 0.0,E (glutamic acid),true,-1; 0.0,M (methionine),true,-1; 0.0,H (histidine),true,-1; 0.0,F (phenylalanine),true,-1; 0.0,R (arginine),true,-1; 0.0,Y (tyrosine),true,-1; 0.0,W (tryptophan),true,-1; 0.0,B ,true,-1; 0.0,J,true,-1; 0.0,O,true,-1; 0.0,U,true,-1; 0.0,X,true,-1; 0.0,Z,true,-1",
  "variable_mods": "15.9949,M,true,1; 42.0106,[^,true,1; 79.96633,STY,false,3; -17.0265,nQnC,false,1; -18.0106,nE,false,1; 0.0,site_06,false,1; 0.0,site_07,false,1; 0.0,site_08,false,1; 0.0,site_09,false,1; 0.0,site_10,false,1; 0.0,site_11,false,1; 0.0,site_12,false,1; 0.0,site_13,false,1; 0.0,site_14,false,1; 0.0,site_15,false,1; 0.0,site_16,false,1",
  "max_mods": "3",
  "min_precursor_charge": "1",
  "max_precursor_charge": null,
  "quantification_method": "Robust LC (high accuracy)",
  "protein_inference": "ProteinProphet: --maxppmdiff 2000000 --minprob 0.5",
  "abundance_normalization_ions": "1",
  "submission_comments": "\n\n ### Parameter changes detected:\n- **abundance_normalization_ions**: `None` \u2192 `1`\n\nDataset URL: https://proteobench.cubimed.rub.de/datasets/1c5535b3693172fc836046a97998b2a46790e876/"
}