{
  "old_new": "new",
  "id": "DIA-NN_20250710_142337",
  "software_name": "DIA-NN",
  "software_version": "2.2.0 Academia ",
  "search_engine": "DIA-NN",
  "search_engine_version": "2.2.0 Academia ",
  "ident_fdr_psm": "0.01",
  "ident_fdr_peptide": NaN,
  "ident_fdr_protein": NaN,
  "enable_match_between_runs": false,
  "precursor_mass_tolerance": "[-10.0 ppm, 10.0 ppm]",
  "fragment_mass_tolerance": "[-10.0 ppm, 10.0 ppm]",
  "enzyme": "Trypsin/P",
  "allowed_miscleavages": "1",
  "min_peptide_length": "6",
  "max_peptide_length": "30",
  "is_temporary": false,
  "intermediate_hash": "1d9338264833a779816f4fd89d09f50f0d9e44d2",
  "results": {
    "6": {
      "median_abs_epsilon": 0.15764904022216797,
      "mean_abs_epsilon": 0.36697992743805197,
      "variance_epsilon": 0.5073167234241629,
      "nr_prec": 44304,
      "CV_median": 0.30939319810080923,
      "CV_q75": 0.4026514499812009,
      "CV_q90": 0.515206701194785,
      "CV_q95": 0.5974283468153434
    },
    "5": {
      "median_abs_epsilon": 0.17999267578125,
      "mean_abs_epsilon": 0.42189513148237295,
      "variance_epsilon": 0.6438675039179459,
      "nr_prec": 52592,
      "CV_median": 0.3122372520240594,
      "CV_q75": 0.41356221206757837,
      "CV_q90": 0.5378568233567682,
      "CV_q95": 0.6279141976164198
    },
    "4": {
      "median_abs_epsilon": 0.2058849334716797,
      "mean_abs_epsilon": 0.4780326112006132,
      "variance_epsilon": 0.7724320302131259,
      "nr_prec": 60693,
      "CV_median": 0.3128142534735272,
      "CV_q75": 0.41814234499924335,
      "CV_q90": 0.5486322227880482,
      "CV_q95": 0.643587879003755
    },
    "3": {
      "median_abs_epsilon": 0.21931171417236328,
      "mean_abs_epsilon": 0.4887251496979172,
      "variance_epsilon": 0.770890032704718,
      "nr_prec": 82385,
      "CV_median": 0.31810113878915175,
      "CV_q75": 0.4274837214778886,
      "CV_q90": 0.561152895725292,
      "CV_q95": 0.6575060679283192
    },
    "2": {
      "median_abs_epsilon": 0.22862625122070312,
      "mean_abs_epsilon": 0.4982032390534773,
      "variance_epsilon": 0.7781768289942329,
      "nr_prec": 95200,
      "CV_median": 0.3182642577714313,
      "CV_q75": 0.4319734427849198,
      "CV_q90": 0.5718692743757723,
      "CV_q95": 0.6729413838815117
    },
    "1": {
      "median_abs_epsilon": 0.22862625122070312,
      "mean_abs_epsilon": 0.4982032390534773,
      "variance_epsilon": 0.7781768289942329,
      "nr_prec": 113959,
      "CV_median": 0.3182642577714313,
      "CV_q75": 0.4319734427849198,
      "CV_q90": 0.5718692743757723,
      "CV_q95": 0.6729413838815117
    }
  },
  "median_abs_epsilon": 0.21931171417236328,
  "mean_abs_epsilon": 0.4887251496979172,
  "nr_prec": 82385,
  "comments": "",
  "proteobench_version": "0.8.28",
  "color": "#d30067",
  "hover_text": "ProteoBench ID: DIA-NN_20250710_142337<br>Software tool: DIA-NN <br>Comment (private submission): ...",
  "scatter_size": 40,
  "fixed_mods": "unimod4",
  "variable_mods": "UniMod:35/15.994915/M,UniMod:1/42.010565/*n",
  "max_mods": "1",
  "min_precursor_charge": "1",
  "max_precursor_charge": "4",
  "quantification_method": "QuantUMS high-accuracy",
  "protein_inference": "1",
  "abundance_normalization_ions": null,
  "submission_comments": "Machine learning : NNs (crosss-calidated)\nCross-run normalisation : RT-dependent\nLibrary generation : Smart profiling\n\n\n ### Parameter changes detected:\n- **ident_fdr_protein**: `None` \u2192 `nan`\n- **ident_fdr_peptide**: `None` \u2192 `nan`\n\nDataset URL: https://proteobench.cubimed.rub.de/datasets/1d9338264833a779816f4fd89d09f50f0d9e44d2/"
}