{
    "id": "AlphaDIA_20241216_120022",
    "software_name": "AlphaDIA",
    "software_version": null,
    "search_engine_version": null,
    "search_engine": "AlphaDIA",
    "ident_fdr_psm": null,
    "ident_fdr_peptide": null,
    "ident_fdr_protein": 0.01,
    "enable_match_between_runs": 0.0,
    "precursor_mass_tolerance": 5.0,
    "precursor_mass_tolerance_unit": null,
    "fragment_mass_tolerance": 10.0,
    "fragment_mass_tolerance_unit": null,
    "enzyme": "trypsin/p",
    "allowed_miscleavages": 1,
    "min_peptide_length": 6,
    "max_peptide_length": 35,
    "intermediate_hash": "2408c6ee1a52eb2f9a25410428df30b0f655ad31",
    "fixed_mods": "Carbamidomethyl@C",
    "variable_mods": "Oxidation@M;Acetyl@Protein_N-term",
    "max_mods": 1,
    "min_precursor_charge": 1.0,
    "max_precursor_charge": 4.0,
    "median_abs_epsilon": 0.0775737762,
    "nr_prec": 51775,
    "is_temporary": false,
    "old_new": "old",
    "results": {
        "6": {
            "median_abs_epsilon": 0.0658493042,
            "mean_abs_epsilon": 0.1436262755,
            "variance_epsilon": 0.0948991694,
            "nr_prec": 26993,
            "CV_median": 0.0873621973,
            "CV_q90": 0.2166769612,
            "CV_q75": 0.140160708,
            "CV_q95": 0.2844540388
        },
        "5": {
            "median_abs_epsilon": 0.0700944265,
            "mean_abs_epsilon": 0.1540221415,
            "variance_epsilon": 0.1075920884,
            "nr_prec": 32950,
            "CV_median": 0.087873778,
            "CV_q90": 0.2217529847,
            "CV_q75": 0.1424283984,
            "CV_q95": 0.2932255215
        },
        "4": {
            "median_abs_epsilon": 0.0739701589,
            "mean_abs_epsilon": 0.1642687549,
            "variance_epsilon": 0.1160902389,
            "nr_prec": 38443,
            "CV_median": 0.0876428611,
            "CV_q90": 0.2245536218,
            "CV_q75": 0.1432068005,
            "CV_q95": 0.2963589711
        },
        "3": {
            "median_abs_epsilon": 0.0775737762,
            "mean_abs_epsilon": 0.1688725675,
            "variance_epsilon": 0.1203110707,
            "nr_prec": 51775,
            "CV_median": 0.0882113482,
            "CV_q90": 0.2269425914,
            "CV_q75": 0.1442957027,
            "CV_q95": 0.2995997877
        },
        "2": {
            "median_abs_epsilon": 0.0792166392,
            "mean_abs_epsilon": 0.1724747491,
            "variance_epsilon": 0.1241783859,
            "nr_prec": 59753,
            "CV_median": 0.0876337826,
            "CV_q90": 0.2273797698,
            "CV_q75": 0.144516689,
            "CV_q95": 0.3010419663
        },
        "1": {
            "median_abs_epsilon": 0.0792166392,
            "mean_abs_epsilon": 0.1724747491,
            "variance_epsilon": 0.1241783859,
            "nr_prec": 70935,
            "CV_median": 0.0876337826,
            "CV_q90": 0.2273797698,
            "CV_q75": 0.144516689,
            "CV_q95": 0.3010419663
        }
    },
    "weighted_sum": null,
    "color": "#4daf4a",
    "hover_text": "ProteoBench ID: AlphaDIA_20241216_120022<br>Software tool: AlphaDIA <br>Comment (private submission): ",
    "scatter_size": 20.0,
    "comments": "",
    "proteobench_version": "0.5.8",
    "scan_window": 15,
    "quantification_method_DIANN": null,
    "second_pass": null,
    "protein_inference": "heuristic",
    "predictors_library": "Built-in",
    "submission_comments": "\n\nDataset URL: https://proteobench.cubimed.rub.de/datasets/2408c6ee1a52eb2f9a25410428df30b0f655ad31/",
    "quantification_method": "QuantUMS high-precision",
    "mean_abs_epsilon": null,
    "abundance_normalization_ions": null
}