{
  "old_new": "new",
  "id": "Spectronaut_20260309_103209",
  "software_name": "Spectronaut",
  "software_version": "19.0.240606.62635",
  "search_engine": "Spectronaut",
  "search_engine_version": "19.0.240606.62635",
  "ident_fdr_psm": 0.01,
  "ident_fdr_peptide": null,
  "ident_fdr_protein": 0.01,
  "enable_match_between_runs": false,
  "precursor_mass_tolerance": "Dynamic",
  "fragment_mass_tolerance": "Dynamic",
  "enzyme": "Trypsin/P",
  "allowed_miscleavages": 2,
  "min_peptide_length": 7,
  "max_peptide_length": 52,
  "is_temporary": false,
  "intermediate_hash": "33a92a7de01565fc2b295d44b7f97f4076e1d704",
  "results": {
    "6": {
      "median_abs_epsilon_global": 0.1576431662587563,
      "median_abs_epsilon_eq_species": 0.2001515920047702,
      "median_abs_epsilon_ECOLI": 0.2650506272103259,
      "median_abs_epsilon_HUMAN": 0.14865510173458318,
      "median_abs_epsilon_YEAST": 0.18674904706940154,
      "mean_abs_epsilon_global": 0.5267591536639656,
      "mean_abs_epsilon_eq_species": 0.5597747012758961,
      "mean_abs_epsilon_ECOLI": 0.6672586211132706,
      "mean_abs_epsilon_HUMAN": 0.5350539441847586,
      "mean_abs_epsilon_YEAST": 0.4770115385296592,
      "median_log2_empirical_ECOLI": -2.1503507432719617,
      "median_log2_empirical_HUMAN": -0.08986407041617284,
      "median_log2_empirical_YEAST": 1.0869097436255402,
      "median_abs_epsilon_precision_global": 0.13986174554184405,
      "median_abs_epsilon_precision_eq_species": 0.17834522037505854,
      "median_abs_epsilon_precision_ECOLI": 0.24510357411485106,
      "median_abs_epsilon_precision_HUMAN": 0.13249338766599905,
      "median_abs_epsilon_precision_YEAST": 0.15743869934432553,
      "mean_log2_empirical_ECOLI": -2.298969141440043,
      "mean_log2_empirical_HUMAN": -0.21638980590493664,
      "mean_log2_empirical_YEAST": 1.0698801815569265,
      "mean_abs_epsilon_precision_global": 0.5317138925706667,
      "mean_abs_epsilon_precision_eq_species": 0.5550220197011311,
      "mean_abs_epsilon_precision_ECOLI": 0.657253216082603,
      "mean_abs_epsilon_precision_HUMAN": 0.5462652924733395,
      "mean_abs_epsilon_precision_YEAST": 0.4615475505474506,
      "CV_median": 0.16357611692580182,
      "CV_q75": 0.2657732002762783,
      "CV_q90": 0.4286363505775141,
      "CV_q95": 0.5769106714732453,
      "roc_auc": 0.8500869957964935,
      "roc_auc_directional": 0.9105431333708567,
      "nr_prec": 68278,
      "nr_prec_HUMAN": 51847,
      "nr_prec_YEAST": 14395,
      "nr_prec_ECOLI": 2036,
      "variance_epsilon_global": 1.1565716492303133
    },
    "5": {
      "median_abs_epsilon_global": 0.18480632515108653,
      "median_abs_epsilon_eq_species": 0.2571024901314625,
      "median_abs_epsilon_ECOLI": 0.3799884654203849,
      "median_abs_epsilon_HUMAN": 0.17143106335593217,
      "median_abs_epsilon_YEAST": 0.21988794161807057,
      "mean_abs_epsilon_global": 0.6649293280482943,
      "mean_abs_epsilon_eq_species": 0.7099692417998211,
      "mean_abs_epsilon_ECOLI": 0.8790322534496344,
      "mean_abs_epsilon_HUMAN": 0.6830478755089381,
      "mean_abs_epsilon_YEAST": 0.5678275964408906,
      "median_log2_empirical_ECOLI": -2.176598838179583,
      "median_log2_empirical_HUMAN": -0.09115998297583072,
      "median_log2_empirical_YEAST": 1.0940289662563423,
      "median_abs_epsilon_precision_global": 0.1664839494675343,
      "median_abs_epsilon_precision_eq_species": 0.22808817880662305,
      "median_abs_epsilon_precision_ECOLI": 0.3418373917705848,
      "median_abs_epsilon_precision_HUMAN": 0.1554508338613383,
      "median_abs_epsilon_precision_YEAST": 0.18697631078794608,
      "mean_log2_empirical_ECOLI": -2.361069653345111,
      "mean_log2_empirical_HUMAN": -0.1907865712966439,
      "mean_log2_empirical_YEAST": 1.1378687106577374,
      "mean_abs_epsilon_precision_global": 0.6614351220023729,
      "mean_abs_epsilon_precision_eq_species": 0.7017112602028046,
      "mean_abs_epsilon_precision_ECOLI": 0.8680730078037538,
      "mean_abs_epsilon_precision_HUMAN": 0.6828371546762628,
      "mean_abs_epsilon_precision_YEAST": 0.5542236181283975,
      "CV_median": 0.16989123526729644,
      "CV_q75": 0.28267382341206465,
      "CV_q90": 0.47522573879201424,
      "CV_q95": 0.6478761071176836,
      "roc_auc": 0.8165273839254341,
      "roc_auc_directional": 0.890660888387828,
      "nr_prec": 77860,
      "nr_prec_HUMAN": 58232,
      "nr_prec_YEAST": 16894,
      "nr_prec_ECOLI": 2734,
      "variance_epsilon_global": 1.8254611271002865
    },
    "4": {
      "median_abs_epsilon_global": 0.2126976421773854,
      "median_abs_epsilon_eq_species": 0.3089845109906584,
      "median_abs_epsilon_ECOLI": 0.4811794881087792,
      "median_abs_epsilon_HUMAN": 0.19391307039124683,
      "median_abs_epsilon_YEAST": 0.2518609744719491,
      "mean_abs_epsilon_global": 0.8294510109732174,
      "mean_abs_epsilon_eq_species": 0.8789815787784926,
      "mean_abs_epsilon_ECOLI": 1.0879759183136337,
      "mean_abs_epsilon_HUMAN": 0.8563887145754349,
      "mean_abs_epsilon_YEAST": 0.6925801034464094,
      "median_log2_empirical_ECOLI": -2.1997013055075287,
      "median_log2_empirical_HUMAN": -0.0875630706204884,
      "median_log2_empirical_YEAST": 1.1015225800880444,
      "median_abs_epsilon_precision_global": 0.19362101557100697,
      "median_abs_epsilon_precision_eq_species": 0.2748061975592065,
      "median_abs_epsilon_precision_ECOLI": 0.42877607093956716,
      "median_abs_epsilon_precision_HUMAN": 0.1780276454124472,
      "median_abs_epsilon_precision_YEAST": 0.21761487632560517,
      "mean_log2_empirical_ECOLI": -2.4458777580926596,
      "mean_log2_empirical_HUMAN": -0.09814390316383031,
      "mean_log2_empirical_YEAST": 1.2312900045050343,
      "mean_abs_epsilon_precision_global": 0.8186011297884817,
      "mean_abs_epsilon_precision_eq_species": 0.8748819842322709,
      "mean_abs_epsilon_precision_ECOLI": 1.0870897551910368,
      "mean_abs_epsilon_precision_HUMAN": 0.8404299358259273,
      "mean_abs_epsilon_precision_YEAST": 0.6971262616798485,
      "CV_median": 0.17222688765511512,
      "CV_q75": 0.28931718826092573,
      "CV_q90": 0.4917354290908395,
      "CV_q95": 0.6709723761433476,
      "roc_auc": 0.7849784406269482,
      "roc_auc_directional": 0.8703475355871296,
      "nr_prec": 85590,
      "nr_prec_HUMAN": 63371,
      "nr_prec_YEAST": 18845,
      "nr_prec_ECOLI": 3374,
      "variance_epsilon_global": 2.9255092833148
    },
    "3": {
      "median_abs_epsilon_global": 0.2184371476265703,
      "median_abs_epsilon_eq_species": 0.3162580570984484,
      "median_abs_epsilon_ECOLI": 0.49176377888153766,
      "median_abs_epsilon_HUMAN": 0.19847511884246494,
      "median_abs_epsilon_YEAST": 0.25853527357134265,
      "mean_abs_epsilon_global": 0.8460656218410717,
      "mean_abs_epsilon_eq_species": 0.8957031148841729,
      "mean_abs_epsilon_ECOLI": 1.1048165896166091,
      "mean_abs_epsilon_HUMAN": 0.873118855285147,
      "mean_abs_epsilon_YEAST": 0.7091738997507623,
      "median_log2_empirical_ECOLI": -2.1943237454932145,
      "median_log2_empirical_HUMAN": -0.0881858206959869,
      "median_log2_empirical_YEAST": 1.1004153515786879,
      "median_abs_epsilon_precision_global": 0.19930885569224088,
      "median_abs_epsilon_precision_eq_species": 0.280505953384458,
      "median_abs_epsilon_precision_ECOLI": 0.43434226148615274,
      "median_abs_epsilon_precision_HUMAN": 0.18274459356264572,
      "median_abs_epsilon_precision_YEAST": 0.22443100510457548,
      "mean_log2_empirical_ECOLI": -2.4330781042712726,
      "mean_log2_empirical_HUMAN": -0.10369641578768322,
      "mean_log2_empirical_YEAST": 1.2261982055261513,
      "mean_abs_epsilon_precision_global": 0.8352507337979878,
      "mean_abs_epsilon_precision_eq_species": 0.8911699469284607,
      "mean_abs_epsilon_precision_ECOLI": 1.1030512809029576,
      "mean_abs_epsilon_precision_HUMAN": 0.8574502050505691,