{
  "old_new": "new",
  "id": "FragPipe (DIA-NN quant)_20250622_140127",
  "software_name": "FragPipe (DIA-NN quant)",
  "software_version": "23.0",
  "search_engine": "MSFragger",
  "search_engine_version": "4.2",
  "ident_fdr_psm": "0.01",
  "ident_fdr_peptide": null,
  "ident_fdr_protein": "0.01",
  "enable_match_between_runs": false,
  "precursor_mass_tolerance": "[-20 ppm, 20 ppm]",
  "fragment_mass_tolerance": "[-20 ppm, 20 ppm]",
  "enzyme": "Trypsin/P",
  "allowed_miscleavages": 1,
  "min_peptide_length": 7,
  "max_peptide_length": 50,
  "is_temporary": false,
  "intermediate_hash": "3afad2260589bf3315741ce392bc6f1b2dd1691b",
  "results": {
    "6": {
      "median_abs_epsilon_global": 0.12445204667493925,
      "median_abs_epsilon_eq_species": 0.1513659301543265,
      "median_abs_epsilon_ECOLI": 0.19710613649517938,
      "median_abs_epsilon_HUMAN": 0.11860524873681833,
      "median_abs_epsilon_YEAST": 0.13838640523098178,
      "mean_abs_epsilon_global": 0.42818122120572166,
      "mean_abs_epsilon_eq_species": 0.42721897519110574,
      "mean_abs_epsilon_ECOLI": 0.4612284984829804,
      "mean_abs_epsilon_HUMAN": 0.44257502405866694,
      "mean_abs_epsilon_YEAST": 0.37785340303166975,
      "median_log2_empirical_ECOLI": -1.977144282345776,
      "median_log2_empirical_HUMAN": -0.06576314220546031,
      "median_log2_empirical_YEAST": 1.0270369881094616,
      "median_abs_epsilon_precision_global": 0.11460912728284356,
      "median_abs_epsilon_precision_eq_species": 0.146159582539901,
      "median_abs_epsilon_precision_ECOLI": 0.19754833590391385,
      "median_abs_epsilon_precision_HUMAN": 0.1076874010693043,
      "median_abs_epsilon_precision_YEAST": 0.1332430106464848,
      "mean_log2_empirical_ECOLI": -1.87610773532176,
      "mean_log2_empirical_HUMAN": -0.1291197936881206,
      "mean_log2_empirical_YEAST": 0.9612811257553192,
      "mean_abs_epsilon_precision_global": 0.42939823615316364,
      "mean_abs_epsilon_precision_eq_species": 0.43482396744758994,
      "mean_abs_epsilon_precision_ECOLI": 0.47731428935328,
      "mean_abs_epsilon_precision_HUMAN": 0.4409052213532872,
      "mean_abs_epsilon_precision_YEAST": 0.38625239163620256,
      "CV_median": 0.13174813034456329,
      "CV_q75": 0.21069324310708407,
      "CV_q90": 0.3167825829648948,
      "CV_q95": 0.41175570682213136,
      "roc_auc": 0.8502797903118194,
      "roc_auc_directional": 0.9100039944311944,
      "nr_prec": 53178,
      "nr_prec_HUMAN": 39204,
      "nr_prec_YEAST": 12307,
      "nr_prec_ECOLI": 1667,
      "variance_epsilon_global": 0.7590296986034482
    },
    "5": {
      "median_abs_epsilon_global": 0.1401415470432852,
      "median_abs_epsilon_eq_species": 0.1821909867506276,
      "median_abs_epsilon_ECOLI": 0.25877161319897013,
      "median_abs_epsilon_HUMAN": 0.13239852558973908,
      "median_abs_epsilon_YEAST": 0.15540282146317352,
      "mean_abs_epsilon_global": 0.5105706410614208,
      "mean_abs_epsilon_eq_species": 0.5097139373530708,
      "mean_abs_epsilon_ECOLI": 0.5681712356738108,
      "mean_abs_epsilon_HUMAN": 0.5343991638580562,
      "mean_abs_epsilon_YEAST": 0.42657141252734554,
      "median_log2_empirical_ECOLI": -1.9634113945998273,
      "median_log2_empirical_HUMAN": -0.0644703581514463,
      "median_log2_empirical_YEAST": 1.0266383305407487,
      "median_abs_epsilon_precision_global": 0.13091444868272362,
      "median_abs_epsilon_precision_eq_species": 0.17625357577616185,
      "median_abs_epsilon_precision_ECOLI": 0.25653548088930833,
      "median_abs_epsilon_precision_HUMAN": 0.12160611728155857,
      "median_abs_epsilon_precision_YEAST": 0.15061912915761866,
      "mean_log2_empirical_ECOLI": -1.8220077171302815,
      "mean_log2_empirical_HUMAN": -0.07795657975042355,
      "mean_log2_empirical_YEAST": 0.9890249109140575,
      "mean_abs_epsilon_precision_global": 0.5039683472070202,
      "mean_abs_epsilon_precision_eq_species": 0.5147042133522041,
      "mean_abs_epsilon_precision_ECOLI": 0.5922955112878465,
      "mean_abs_epsilon_precision_HUMAN": 0.5236770684164229,
      "mean_abs_epsilon_precision_YEAST": 0.428140060352343,
      "CV_median": 0.13416811683697538,
      "CV_q75": 0.21741567560456482,
      "CV_q90": 0.33462272319309344,
      "CV_q95": 0.4417216067060019,
      "roc_auc": 0.8211601246643083,
      "roc_auc_directional": 0.8919079003423641,
      "nr_prec": 59131,
      "nr_prec_HUMAN": 43247,
      "nr_prec_YEAST": 13739,
      "nr_prec_ECOLI": 2145,
      "variance_epsilon_global": 1.029575363726506
    },
    "4": {
      "median_abs_epsilon_global": 0.15612395393026368,
      "median_abs_epsilon_eq_species": 0.21205322710406152,
      "median_abs_epsilon_ECOLI": 0.3182354771181082,
      "median_abs_epsilon_HUMAN": 0.1464041245422063,
      "median_abs_epsilon_YEAST": 0.1715200796518701,
      "mean_abs_epsilon_global": 0.6039060716199279,
      "mean_abs_epsilon_eq_species": 0.5963044407326149,
      "mean_abs_epsilon_ECOLI": 0.6552587325279093,
      "mean_abs_epsilon_HUMAN": 0.6342603463004494,
      "mean_abs_epsilon_YEAST": 0.49939424336948585,
      "median_log2_empirical_ECOLI": -1.951400338620438,
      "median_log2_empirical_HUMAN": -0.06075542796117439,
      "median_log2_empirical_YEAST": 1.0298224601951596,
      "median_abs_epsilon_precision_global": 0.1462883430761659,
      "median_abs_epsilon_precision_eq_species": 0.20722274516495234,
      "median_abs_epsilon_precision_ECOLI": 0.3204878488888241,
      "median_abs_epsilon_precision_HUMAN": 0.1348930507225763,
      "median_abs_epsilon_precision_YEAST": 0.16628733588345668,
      "mean_log2_empirical_ECOLI": -1.797186405437558,
      "mean_log2_empirical_HUMAN": 0.00495673224545372,
      "mean_log2_empirical_YEAST": 1.0515966969461112,
      "mean_abs_epsilon_precision_global": 0.6057962430982671,
      "mean_abs_epsilon_precision_eq_species": 0.6043672767767478,
      "mean_abs_epsilon_precision_ECOLI": 0.6786763511482772,
      "mean_abs_epsilon_precision_HUMAN": 0.6358091217606439,
      "mean_abs_epsilon_precision_YEAST": 0.49861635742132254,
      "CV_median": 0.13474311032463682,
      "CV_q75": 0.21948987080216842,
      "CV_q90": 0.3392516137439873,
      "CV_q95": 0.4511718050980008,
      "roc_auc": 0.794724424336399,
      "roc_auc_directional": 0.8747948290200405,
      "nr_prec": 64068,
      "nr_prec_HUMAN": 46670,
      "nr_prec_YEAST": 14821,
      "nr_prec_ECOLI": 2577,
      "variance_epsilon_global": 1.374448870779763
    },
    "3": {
      "median_abs_epsilon_global": 0.15860617686024625,
      "median_abs_epsilon_eq_species": 0.2159269392601105,
      "median_abs_epsilon_ECOLI": 0.3243242323470277,
      "median_abs_epsilon_HUMAN": 0.14838706003739155,
      "median_abs_epsilon_YEAST": 0.17506952539591225,
      "mean_abs_epsilon_global": 0.6078284707228684,
      "mean_abs_epsilon_eq_species": 0.6048340385349874,
      "mean_abs_epsilon_ECOLI": 0.6730244640410068,
      "mean_abs_epsilon_HUMAN": 0.6371880352162858,
      "mean_abs_epsilon_YEAST": 0.5042896163476696,
      "median_log2_empirical_ECOLI": -1.9482381912290734,
      "median_log2_empirical_HUMAN": -0.060560801978660095,
      "median_log2_empirical_YEAST": 1.027890473315491,
      "median_abs_epsilon_precision_global": 0.1491041243446105,
      "median_abs_epsilon_precision_eq_species": 0.21169469280710493,
      "median_abs_epsilon_precision_ECOLI": 0.3283286961119174,
      "median_abs_epsilon_precision_HUMAN": 0.13673336318422358,
      "median_abs_epsilon_precision_YEAST": 0.17002201912517378,
      "mean_log2_empirical_ECOLI": -1.7761066074583078,
      "mean_log2_empirical_HUMAN": 0.006137100902487644,
      "mean_log2_empirical_YEAST": 1.0439165487211644,
      "mean_abs_epsilon_precision_global": 0.6100591989521367,
      "mean_abs_epsilon_precision_eq_species": 0.6140563496558277,
      "mean_abs_epsilon_precision_ECOLI": 0.6998175427741358,
      "mean_abs_epsilon_precision_HUMAN": 0.6390960426509374,