{
  "old_new": "new",
  "id": "FragPipe (DIA-NN quant)_20250622_140127",
  "software_name": "FragPipe (DIA-NN quant)",
  "software_version": "23.0",
  "search_engine": "MSFragger",
  "search_engine_version": "4.2",
  "ident_fdr_psm": "0.01",
  "ident_fdr_peptide": null,
  "ident_fdr_protein": "0.01",
  "enable_match_between_runs": false,
  "precursor_mass_tolerance": "[-20 ppm, 20 ppm]",
  "fragment_mass_tolerance": "[-20 ppm, 20 ppm]",
  "enzyme": "Trypsin/P",
  "allowed_miscleavages": "1",
  "min_peptide_length": "7",
  "max_peptide_length": "50",
  "is_temporary": false,
  "intermediate_hash": "3afad2260589bf3315741ce392bc6f1b2dd1691b",
  "results": {
    "6": {
      "median_abs_epsilon": 0.12095070398364527,
      "mean_abs_epsilon": 0.4285815835084326,
      "variance_epsilon": 0.7637132004004784,
      "nr_prec": 53338,
      "CV_median": 0.32039308010169687,
      "CV_q90": 0.5219760177035727,
      "CV_q75": 0.4026297800688627,
      "CV_q95": 0.6163501357250547
    },
    "5": {
      "median_abs_epsilon": 0.13851082304992346,
      "mean_abs_epsilon": 0.5120470436457404,
      "variance_epsilon": 1.0264331561859552,
      "nr_prec": 59305,
      "CV_median": 0.3221889629214757,
      "CV_q90": 0.5413152813681079,
      "CV_q75": 0.41008695274336104,
      "CV_q95": 0.6441028579385542
    },
    "4": {
      "median_abs_epsilon": 0.15552132030606458,
      "mean_abs_epsilon": 0.6005453659041494,
      "variance_epsilon": 1.3378583344873372,
      "nr_prec": 64256,
      "CV_median": 0.32289454394206557,
      "CV_q90": 0.5462887632402074,
      "CV_q75": 0.41221496159580084,
      "CV_q95": 0.6521925014821051
    },
    "3": {
      "median_abs_epsilon": 0.1588264064146081,
      "mean_abs_epsilon": 0.6057083902392315,
      "variance_epsilon": 1.3448323591414122,
      "nr_prec": 71695,
      "CV_median": 0.32437089649727735,
      "CV_q90": 0.5486685917522853,
      "CV_q75": 0.4142542896632685,
      "CV_q95": 0.6562195371841159
    },
    "2": {
      "median_abs_epsilon": 0.15986747608366159,
      "mean_abs_epsilon": 0.6070538816632541,
      "variance_epsilon": 1.3451844871550085,
      "nr_prec": 72839,
      "CV_median": 0.3243600243033128,
      "CV_q90": 0.54969460602216,
      "CV_q75": 0.4146398060176813,
      "CV_q95": 0.6573598355854288
    },
    "1": {
      "median_abs_epsilon": 0.15986747608366159,
      "mean_abs_epsilon": 0.6070538816632541,
      "variance_epsilon": 1.3451844871550083,
      "nr_prec": 73388,
      "CV_median": 0.3243600243033128,
      "CV_q90": 0.54969460602216,
      "CV_q75": 0.4146398060176813,
      "CV_q95": 0.6573598355854288
    }
  },
  "median_abs_epsilon": 0.1588264064146081,
  "mean_abs_epsilon": 0.6057083902392315,
  "nr_prec": 71695,
  "comments": "",
  "proteobench_version": "0.8.23",
  "color": "#F89008",
  "hover_text": "ProteoBench ID: FragPipe (DIA-NN quant)_20250622_140127<br>Software tool: FragPipe (DIA-NN quant) <br>Comment (private submission): ...",
  "scatter_size": 20,
  "fixed_mods": "0.0,C-Term Peptide,true,-1; 0.0,N-Term Peptide,true,-1; 0.0,C-Term Protein,true,-1; 0.0,N-Term Protein,true,-1; 0.0,G (glycine),true,-1; 0.0,A (alanine),true,-1; 0.0,S (serine),true,-1; 0.0,P (proline),true,-1; 0.0,V (valine),true,-1; 0.0,T (threonine),true,-1; 57.02146,C (cysteine),true,-1; 0.0,L (leucine),true,-1; 0.0,I (isoleucine),true,-1; 0.0,N (asparagine),true,-1; 0.0,D (aspartic acid),true,-1; 0.0,Q (glutamine),true,-1; 0.0,K (lysine),true,-1; 0.0,E (glutamic acid),true,-1; 0.0,M (methionine),true,-1; 0.0,H (histidine),true,-1; 0.0,F (phenylalanine),true,-1; 0.0,R (arginine),true,-1; 0.0,Y (tyrosine),true,-1; 0.0,W (tryptophan),true,-1; 0.0,B ,true,-1; 0.0,J,true,-1; 0.0,O,true,-1; 0.0,U,true,-1; 0.0,X,true,-1; 0.0,Z,true,-1",
  "variable_mods": "15.9949,M,true,1; 42.0106,[^,true,1; 79.96633,STY,false,3; -17.0265,nQnC,false,1; -18.0106,nE,false,1; 0.0,site_06,false,1; 0.0,site_07,false,1; 0.0,site_08,false,1; 0.0,site_09,false,1; 0.0,site_10,false,1; 0.0,site_11,false,1; 0.0,site_12,false,1; 0.0,site_13,false,1; 0.0,site_14,false,1; 0.0,site_15,false,1; 0.0,site_16,false,1",
  "max_mods": "3",
  "min_precursor_charge": "1",
  "max_precursor_charge": null,
  "quantification_method": "Robust LC (high accuracy)",
  "protein_inference": "ProteinProphet: --maxppmdiff 2000000 --minprob 0.5",
  "abundance_normalization_ions": "1",
  "submission_comments": "\n\n ### Parameter changes detected:\n- **abundance_normalization_ions**: `None` \u2192 `1`\n\nDataset URL: https://proteobench.cubimed.rub.de/datasets/3afad2260589bf3315741ce392bc6f1b2dd1691b/"
}