{
  "old_new": "new",
  "id": "Spectronaut_20260309_112112",
  "software_name": "Spectronaut",
  "software_version": "20.0.250602.92449",
  "search_engine": "Spectronaut",
  "search_engine_version": "20.0.250602.92449",
  "ident_fdr_psm": 0.01,
  "ident_fdr_peptide": null,
  "ident_fdr_protein": 0.01,
  "enable_match_between_runs": false,
  "precursor_mass_tolerance": "Dynamic",
  "fragment_mass_tolerance": "Dynamic",
  "enzyme": "Trypsin/P",
  "allowed_miscleavages": 2,
  "min_peptide_length": 6,
  "max_peptide_length": 52,
  "is_temporary": false,
  "intermediate_hash": "439714443d6973b979868910a75e1be5916b25a1",
  "results": {
    "6": {
      "median_abs_epsilon_global": 0.14833907590966788,
      "median_abs_epsilon_eq_species": 0.17746317377364887,
      "median_abs_epsilon_ECOLI": 0.22032255491402175,
      "median_abs_epsilon_HUMAN": 0.141300861890036,
      "median_abs_epsilon_YEAST": 0.1707661045168889,
      "mean_abs_epsilon_global": 0.4539644407073193,
      "mean_abs_epsilon_eq_species": 0.46636317860136556,
      "mean_abs_epsilon_ECOLI": 0.5166338662069307,
      "mean_abs_epsilon_HUMAN": 0.4602905419881682,
      "mean_abs_epsilon_YEAST": 0.4221651276089978,
      "median_log2_empirical_ECOLI": -2.1240972766923782,
      "median_log2_empirical_HUMAN": -0.08753068959411081,
      "median_log2_empirical_YEAST": 1.0746734203645278,
      "median_abs_epsilon_precision_global": 0.13042356477063244,
      "median_abs_epsilon_precision_eq_species": 0.1640021386699407,
      "median_abs_epsilon_precision_ECOLI": 0.22144018131592702,
      "median_abs_epsilon_precision_HUMAN": 0.12362871828095479,
      "median_abs_epsilon_precision_YEAST": 0.14693751641294028,
      "mean_log2_empirical_ECOLI": -2.1445905738091033,
      "mean_log2_empirical_HUMAN": -0.1799145998841113,
      "mean_log2_empirical_YEAST": 1.0339622905133667,
      "mean_abs_epsilon_precision_global": 0.45080184588571937,
      "mean_abs_epsilon_precision_eq_species": 0.4557051738035989,
      "mean_abs_epsilon_precision_ECOLI": 0.49444442397890687,
      "mean_abs_epsilon_precision_HUMAN": 0.45941802887633576,
      "mean_abs_epsilon_precision_YEAST": 0.413253068555554,
      "CV_median": 0.15563837962721627,
      "CV_q75": 0.25386047497518216,
      "CV_q90": 0.3975976583074139,
      "CV_q95": 0.5222382360519608,
      "roc_auc": 0.8651281018914964,
      "roc_auc_directional": 0.9181050445081813,
      "nr_prec": 66008,
      "nr_prec_HUMAN": 50345,
      "nr_prec_YEAST": 13762,
      "nr_prec_ECOLI": 1901,
      "variance_epsilon_global": 0.821265514924007
    },
    "5": {
      "median_abs_epsilon_global": 0.16972721607963237,
      "median_abs_epsilon_eq_species": 0.2223640326179727,
      "median_abs_epsilon_ECOLI": 0.3077143630610184,
      "median_abs_epsilon_HUMAN": 0.15929752250912088,
      "median_abs_epsilon_YEAST": 0.2000802122837788,
      "mean_abs_epsilon_global": 0.5485218537675471,
      "mean_abs_epsilon_eq_species": 0.5655658860625636,
      "mean_abs_epsilon_ECOLI": 0.6479641038136824,
      "mean_abs_epsilon_HUMAN": 0.5618777631281477,
      "mean_abs_epsilon_YEAST": 0.48685579124586054,
      "median_log2_empirical_ECOLI": -2.1415309218836427,
      "median_log2_empirical_HUMAN": -0.0891989296810003,
      "median_log2_empirical_YEAST": 1.0802328836345891,
      "median_abs_epsilon_precision_global": 0.15224139854944152,
      "median_abs_epsilon_precision_eq_species": 0.2020499836420946,
      "median_abs_epsilon_precision_ECOLI": 0.2894416889114133,
      "median_abs_epsilon_precision_HUMAN": 0.142637589907876,
      "median_abs_epsilon_precision_YEAST": 0.17407067210699445,
      "mean_log2_empirical_ECOLI": -2.1678031759259335,
      "mean_log2_empirical_HUMAN": -0.16015791212700406,
      "mean_log2_empirical_YEAST": 1.0729431856256748,
      "mean_abs_epsilon_precision_global": 0.5386684549454641,
      "mean_abs_epsilon_precision_eq_species": 0.5503614938922333,
      "mean_abs_epsilon_precision_ECOLI": 0.6237187189947748,
      "mean_abs_epsilon_precision_HUMAN": 0.5535974477742892,
      "mean_abs_epsilon_precision_YEAST": 0.473768314907636,
      "CV_median": 0.16140519102618106,
      "CV_q75": 0.2693600113880331,
      "CV_q90": 0.4343435802645812,
      "CV_q95": 0.5791517988172763,
      "roc_auc": 0.8381702238400829,
      "roc_auc_directional": 0.9030172052348724,
      "nr_prec": 75020,
      "nr_prec_HUMAN": 56285,
      "nr_prec_YEAST": 16230,
      "nr_prec_ECOLI": 2505,
      "variance_epsilon_global": 1.1718647897680647
    },
    "4": {
      "median_abs_epsilon_global": 0.193513237848582,
      "median_abs_epsilon_eq_species": 0.2728568993807941,
      "median_abs_epsilon_ECOLI": 0.4105229804270625,
      "median_abs_epsilon_HUMAN": 0.1783986960789612,
      "median_abs_epsilon_YEAST": 0.2296490216363587,
      "mean_abs_epsilon_global": 0.6685756640285363,
      "mean_abs_epsilon_eq_species": 0.6950551327341715,
      "mean_abs_epsilon_ECOLI": 0.8227611038322618,
      "mean_abs_epsilon_HUMAN": 0.6888424941469686,
      "mean_abs_epsilon_YEAST": 0.573561800223284,
      "median_log2_empirical_ECOLI": -2.152714750754029,
      "median_log2_empirical_HUMAN": -0.08714131289664451,
      "median_log2_empirical_YEAST": 1.0862425162078697,
      "median_abs_epsilon_precision_global": 0.17617677633883488,
      "median_abs_epsilon_precision_eq_species": 0.24370986558141272,
      "median_abs_epsilon_precision_ECOLI": 0.36623827138347487,
      "median_abs_epsilon_precision_HUMAN": 0.1619960841807,
      "median_abs_epsilon_precision_YEAST": 0.2028952411800633,
      "mean_log2_empirical_ECOLI": -2.1960433810401288,
      "mean_log2_empirical_HUMAN": -0.0879143633856142,
      "mean_log2_empirical_YEAST": 1.1390998262418544,
      "mean_abs_epsilon_precision_global": 0.6529804160558833,
      "mean_abs_epsilon_precision_eq_species": 0.6786730545030529,
      "mean_abs_epsilon_precision_ECOLI": 0.8000539096470091,
      "mean_abs_epsilon_precision_HUMAN": 0.6717636101702209,
      "mean_abs_epsilon_precision_YEAST": 0.5642016436919287,
      "CV_median": 0.16403492240338194,
      "CV_q75": 0.27589111334496047,
      "CV_q90": 0.449253159740857,
      "CV_q95": 0.6014963498462229,
      "roc_auc": 0.8085153205121174,
      "roc_auc_directional": 0.8833728163272923,
      "nr_prec": 82792,
      "nr_prec_HUMAN": 61447,
      "nr_prec_YEAST": 18204,
      "nr_prec_ECOLI": 3141,
      "variance_epsilon_global": 1.7555019353517056
    },
    "3": {
      "median_abs_epsilon_global": 0.19773765288055145,
      "median_abs_epsilon_eq_species": 0.2782715300903818,
      "median_abs_epsilon_ECOLI": 0.41714687392744665,
      "median_abs_epsilon_HUMAN": 0.18232716564766704,
      "median_abs_epsilon_YEAST": 0.23534055069603177,
      "mean_abs_epsilon_global": 0.6784498797746902,
      "mean_abs_epsilon_eq_species": 0.706690603384707,
      "mean_abs_epsilon_ECOLI": 0.8353125154972467,
      "mean_abs_epsilon_HUMAN": 0.6974344391566263,
      "mean_abs_epsilon_YEAST": 0.587324855500248,
      "median_log2_empirical_ECOLI": -2.1478174606386142,
      "median_log2_empirical_HUMAN": -0.08739519367854953,
      "median_log2_empirical_YEAST": 1.085372074389726,
      "median_abs_epsilon_precision_global": 0.1805630371750322,
      "median_abs_epsilon_precision_eq_species": 0.24865534708905854,
      "median_abs_epsilon_precision_ECOLI": 0.37155523749649966,
      "median_abs_epsilon_precision_HUMAN": 0.16626104596711855,
      "median_abs_epsilon_precision_YEAST": 0.20814975780355738,
      "mean_log2_empirical_ECOLI": -2.187350940147025,
      "mean_log2_empirical_HUMAN": -0.09178007158282685,
      "mean_log2_empirical_YEAST": 1.1355409381357642,
      "mean_abs_epsilon_precision_global": 0.6630267509010271,
      "mean_abs_epsilon_precision_eq_species": 0.6907479854394624,
      "mean_abs_epsilon_precision_ECOLI": 0.8137219684080269,
      "mean_abs_epsilon_precision_HUMAN": 0.6805174826629977,