{
  "old_new": "new",
  "id": "Spectronaut_20250613_150034",
  "software_name": "Spectronaut",
  "software_version": "20.0.250602.92449",
  "search_engine": "Spectronaut",
  "search_engine_version": "20.0.250602.92449",
  "ident_fdr_psm": "0.01",
  "ident_fdr_peptide": null,
  "ident_fdr_protein": "0.01",
  "enable_match_between_runs": false,
  "precursor_mass_tolerance": "Dynamic",
  "fragment_mass_tolerance": "Dynamic",
  "enzyme": "Trypsin/P",
  "allowed_miscleavages": "1",
  "min_peptide_length": "6",
  "max_peptide_length": "30",
  "is_temporary": false,
  "intermediate_hash": "67fe009fe8f4630746a63d96293021b75a279e91",
  "results": {
    "6": {
      "median_abs_epsilon": 0.14692274484759515,
      "mean_abs_epsilon": 0.4475717771021613,
      "variance_epsilon": 0.7945188824588522,
      "nr_prec": 65318,
      "CV_median": 0.15474434134065845,
      "CV_q90": 0.3956416243572794,
      "CV_q75": 0.2536814239414188,
      "CV_q95": 0.5155152788311705
    },
    "5": {
      "median_abs_epsilon": 0.16798503355821737,
      "mean_abs_epsilon": 0.5389657250914772,
      "variance_epsilon": 1.1210337695628472,
      "nr_prec": 74130,
      "CV_median": 0.16088513579192662,
      "CV_q90": 0.4310226320904622,
      "CV_q75": 0.26956644790823214,
      "CV_q95": 0.5724776582481939
    },
    "4": {
      "median_abs_epsilon": 0.1909647436996238,
      "mean_abs_epsilon": 0.6594182430065548,
      "variance_epsilon": 1.6902021730735757,
      "nr_prec": 81708,
      "CV_median": 0.16335723404173086,
      "CV_q90": 0.4452014188203961,
      "CV_q75": 0.27579265183176327,
      "CV_q95": 0.5967512685932195
    },
    "3": {
      "median_abs_epsilon": 0.19532398208690083,
      "mean_abs_epsilon": 0.6683910260385716,
      "variance_epsilon": 1.7237905417705819,
      "nr_prec": 97901,
      "CV_median": 0.166439534675553,
      "CV_q90": 0.4551471866769896,
      "CV_q75": 0.2809784194289033,
      "CV_q95": 0.6069365555605242
    },
    "2": {
      "median_abs_epsilon": 0.19699695955716479,
      "mean_abs_epsilon": 0.671603556144303,
      "variance_epsilon": 1.742666561059021,
      "nr_prec": 100325,
      "CV_median": 0.1670635713100295,
      "CV_q90": 0.4602988718494504,
      "CV_q75": 0.2829724900359993,
      "CV_q95": 0.6146234170362492
    },
    "1": {
      "median_abs_epsilon": 0.19699695955716479,
      "mean_abs_epsilon": 0.6716035561443031,
      "variance_epsilon": 1.7426665610590215,
      "nr_prec": 100954,
      "CV_median": 0.1670635713100295,
      "CV_q90": 0.4602988718494504,
      "CV_q75": 0.2829724900359993,
      "CV_q95": 0.6146234170362492
    }
  },
  "median_abs_epsilon": 0.19532398208690083,
  "mean_abs_epsilon": 0.6683910260385716,
  "nr_prec": 97901,
  "comments": "",
  "proteobench_version": "0.8.23",
  "color": "#007548",
  "hover_text": "ProteoBench ID: Spectronaut_20250613_150034<br>Software tool: Spectronaut <br>Comment (private submission): ...",
  "scatter_size": 20,
  "fixed_mods": "Carbamidomethyl (C)",
  "variable_mods": "Acetyl (Protein N-term), Oxidation (M)",
  "max_mods": "1",
  "min_precursor_charge": null,
  "max_precursor_charge": null,
  "quantification_method": "MS2",
  "protein_inference": "IDPicker",
  "abundance_normalization_ions": "True",
  "submission_comments": "Search with missed cleavage at 1 and min peptide length between 6 and 30 aa (as many other software)\n\n ### Parameter changes detected:\n- **scan_window**: `Dynamic` \u2192 `[MISSING]`\n\nDataset URL: https://proteobench.cubimed.rub.de/datasets/67fe009fe8f4630746a63d96293021b75a279e91/"
}