{
  "old_new": "new",
  "id": "Spectronaut_20250613_150034",
  "software_name": "Spectronaut",
  "software_version": "20.0.250602.92449",
  "search_engine": "Spectronaut",
  "search_engine_version": "20.0.250602.92449",
  "ident_fdr_psm": 0.01,
  "ident_fdr_peptide": null,
  "ident_fdr_protein": 0.01,
  "enable_match_between_runs": false,
  "precursor_mass_tolerance": "Dynamic",
  "fragment_mass_tolerance": "Dynamic",
  "enzyme": "Trypsin/P",
  "allowed_miscleavages": 1,
  "min_peptide_length": 6,
  "max_peptide_length": 30,
  "is_temporary": false,
  "intermediate_hash": "67fe009fe8f4630746a63d96293021b75a279e91",
  "results": {
    "6": {
      "median_abs_epsilon_global": 0.14682179235240156,
      "median_abs_epsilon_eq_species": 0.18022720261767797,
      "median_abs_epsilon_ECOLI": 0.23458212309624038,
      "median_abs_epsilon_HUMAN": 0.1405283202034875,
      "median_abs_epsilon_YEAST": 0.165571164553306,
      "mean_abs_epsilon_global": 0.44580484985694,
      "mean_abs_epsilon_eq_species": 0.4582895488697725,
      "mean_abs_epsilon_ECOLI": 0.5074863589250946,
      "mean_abs_epsilon_HUMAN": 0.4516881045710467,
      "mean_abs_epsilon_YEAST": 0.41569418311317624,
      "median_log2_empirical_ECOLI": -2.120041626509506,
      "median_log2_empirical_HUMAN": -0.08805415222294499,
      "median_log2_empirical_YEAST": 1.0727586363523454,
      "median_abs_epsilon_precision_global": 0.12810438365342058,
      "median_abs_epsilon_precision_eq_species": 0.1611565354554513,
      "median_abs_epsilon_precision_ECOLI": 0.21869834120371578,
      "median_abs_epsilon_precision_HUMAN": 0.1214419326217655,
      "median_abs_epsilon_precision_YEAST": 0.14332933254087266,
      "mean_log2_empirical_ECOLI": -2.128860419091839,
      "mean_log2_empirical_HUMAN": -0.1790928525429446,
      "mean_log2_empirical_YEAST": 1.031363202845184,
      "mean_abs_epsilon_precision_global": 0.44203716068082105,
      "mean_abs_epsilon_precision_eq_species": 0.4474886710269575,
      "mean_abs_epsilon_precision_ECOLI": 0.4851100112473336,
      "mean_abs_epsilon_precision_HUMAN": 0.449844817336237,
      "mean_abs_epsilon_precision_YEAST": 0.4075111844973019,
      "CV_median": 0.15464638384967186,
      "CV_q75": 0.25347504159371104,
      "CV_q90": 0.39526985031240025,
      "CV_q95": 0.5144321053535664,
      "roc_auc": 0.8683895731807407,
      "roc_auc_directional": 0.9187428958471806,
      "nr_prec": 65086,
      "nr_prec_HUMAN": 49592,
      "nr_prec_YEAST": 13590,
      "nr_prec_ECOLI": 1904,
      "variance_epsilon_global": 0.7873747732465717
    },
    "5": {
      "median_abs_epsilon_global": 0.16789551181526807,
      "median_abs_epsilon_eq_species": 0.21979077510284561,
      "median_abs_epsilon_ECOLI": 0.3073365011098481,
      "median_abs_epsilon_HUMAN": 0.1579543186839878,
      "median_abs_epsilon_YEAST": 0.19408150551470094,
      "mean_abs_epsilon_global": 0.5368203621029515,
      "mean_abs_epsilon_eq_species": 0.5582126988887761,
      "mean_abs_epsilon_ECOLI": 0.6460776190993679,
      "mean_abs_epsilon_HUMAN": 0.5482232073050733,
      "mean_abs_epsilon_YEAST": 0.48033727026188716,
      "median_log2_empirical_ECOLI": -2.1378269592533226,
      "median_log2_empirical_HUMAN": -0.08977528564318504,
      "median_log2_empirical_YEAST": 1.0787589170701892,
      "median_abs_epsilon_precision_global": 0.1497481057652461,
      "median_abs_epsilon_precision_eq_species": 0.1971852042454326,
      "median_abs_epsilon_precision_ECOLI": 0.2817213059020487,
      "median_abs_epsilon_precision_HUMAN": 0.14030092848297926,
      "median_abs_epsilon_precision_YEAST": 0.1695333783512698,
      "mean_log2_empirical_ECOLI": -2.16705798089057,
      "mean_log2_empirical_HUMAN": -0.1594395958786508,
      "mean_log2_empirical_YEAST": 1.0734470807735736,
      "mean_abs_epsilon_precision_global": 0.5264856819744232,
      "mean_abs_epsilon_precision_eq_species": 0.5433073872198703,
      "mean_abs_epsilon_precision_ECOLI": 0.6230284999161334,
      "mean_abs_epsilon_precision_HUMAN": 0.5390964626561147,
      "mean_abs_epsilon_precision_YEAST": 0.46779719908736267,
      "CV_median": 0.1608092009229585,
      "CV_q75": 0.2693527716788942,
      "CV_q90": 0.430554342141794,
      "CV_q95": 0.5716991731477474,
      "roc_auc": 0.8411981468463591,
      "roc_auc_directional": 0.9051018999277156,
      "nr_prec": 73874,
      "nr_prec_HUMAN": 55391,
      "nr_prec_YEAST": 15995,
      "nr_prec_ECOLI": 2488,
      "variance_epsilon_global": 1.110169853792997
    },
    "4": {
      "median_abs_epsilon_global": 0.190804047548653,
      "median_abs_epsilon_eq_species": 0.26203056351571047,
      "median_abs_epsilon_ECOLI": 0.38523646958695856,
      "median_abs_epsilon_HUMAN": 0.17700120892659754,
      "median_abs_epsilon_YEAST": 0.22385401203357524,
      "mean_abs_epsilon_global": 0.6573840743810758,
      "mean_abs_epsilon_eq_species": 0.6890242460711495,
      "mean_abs_epsilon_ECOLI": 0.8230859601298932,
      "mean_abs_epsilon_HUMAN": 0.675260521168043,
      "mean_abs_epsilon_YEAST": 0.5687262569155124,
      "median_log2_empirical_ECOLI": -2.14365297089485,
      "median_log2_empirical_HUMAN": -0.08799261374103295,
      "median_log2_empirical_YEAST": 1.0840242344754865,
      "median_abs_epsilon_precision_global": 0.1722480411537406,
      "median_abs_epsilon_precision_eq_species": 0.23912637631292485,
      "median_abs_epsilon_precision_ECOLI": 0.36229394733810594,
      "median_abs_epsilon_precision_HUMAN": 0.15915947032703315,
      "median_abs_epsilon_precision_YEAST": 0.19592571127363545,
      "mean_log2_empirical_ECOLI": -2.1774896712792082,
      "mean_log2_empirical_HUMAN": -0.09142264692803483,
      "mean_log2_empirical_YEAST": 1.1355865705041075,
      "mean_abs_epsilon_precision_global": 0.6415843665603329,
      "mean_abs_epsilon_precision_eq_species": 0.6729280768314245,
      "mean_abs_epsilon_precision_ECOLI": 0.8012432815966961,
      "mean_abs_epsilon_precision_HUMAN": 0.6577155075956612,
      "mean_abs_epsilon_precision_YEAST": 0.5598254413019164,
      "CV_median": 0.1632403906287706,
      "CV_q75": 0.2755996468573472,
      "CV_q90": 0.4449145182674784,
      "CV_q95": 0.5963683792426682,
      "roc_auc": 0.8116896560990555,
      "roc_auc_directional": 0.8840549279939879,
      "nr_prec": 81431,
      "nr_prec_HUMAN": 60320,
      "nr_prec_YEAST": 17992,
      "nr_prec_ECOLI": 3119,
      "variance_epsilon_global": 1.6804738483882153
    },
    "3": {
      "median_abs_epsilon_global": 0.19515357414908152,
      "median_abs_epsilon_eq_species": 0.26933005220676015,
      "median_abs_epsilon_ECOLI": 0.39843162961703804,
      "median_abs_epsilon_HUMAN": 0.1806857703872531,
      "median_abs_epsilon_YEAST": 0.22887275661598938,
      "mean_abs_epsilon_global": 0.6664082423231952,
      "mean_abs_epsilon_eq_species": 0.6991400684046315,
      "mean_abs_epsilon_ECOLI": 0.8342655249267441,
      "mean_abs_epsilon_HUMAN": 0.6836765807560915,
      "mean_abs_epsilon_YEAST": 0.5794780995310591,
      "median_log2_empirical_ECOLI": -2.1418040148554702,
      "median_log2_empirical_HUMAN": -0.08827706068939989,
      "median_log2_empirical_YEAST": 1.0832059731576678,
      "median_abs_epsilon_precision_global": 0.17647090901874485,
      "median_abs_epsilon_precision_eq_species": 0.24465261107037536,
      "median_abs_epsilon_precision_ECOLI": 0.36896955529868336,
      "median_abs_epsilon_precision_HUMAN": 0.1634768045981474,
      "median_abs_epsilon_precision_YEAST": 0.2015114733142953,
      "mean_log2_empirical_ECOLI": -2.1683854139318814,
      "mean_log2_empirical_HUMAN": -0.09521080401697538,
      "mean_log2_empirical_YEAST": 1.1307844108081522,
      "mean_abs_epsilon_precision_global": 0.6507256855095157,
      "mean_abs_epsilon_precision_eq_species": 0.6832040078859268,
      "mean_abs_epsilon_precision_ECOLI": 0.8129164948835836,
      "mean_abs_epsilon_precision_HUMAN": 0.666324275157089,