{
  "old_new": "new",
  "id": "DIA-NN_20250710_142815",
  "software_name": "DIA-NN",
  "software_version": "2.2.0 Academia ",
  "search_engine": "DIA-NN",
  "search_engine_version": "2.2.0 Academia ",
  "ident_fdr_psm": "0.01",
  "ident_fdr_peptide": NaN,
  "ident_fdr_protein": NaN,
  "enable_match_between_runs": false,
  "precursor_mass_tolerance": "[-10.0 ppm, 10.0 ppm]",
  "fragment_mass_tolerance": "[-10.0 ppm, 10.0 ppm]",
  "enzyme": "Trypsin/P",
  "allowed_miscleavages": "1",
  "min_peptide_length": "6",
  "max_peptide_length": "30",
  "is_temporary": false,
  "intermediate_hash": "807afa2ce29be6b9f0cea573ad7d7e3cb87ba5c6",
  "results": {
    "6": {
      "median_abs_epsilon": 0.18870067596435547,
      "mean_abs_epsilon": 0.42950201359904777,
      "variance_epsilon": 0.6189961087444371,
      "nr_prec": 56278,
      "CV_median": 0.3280302075890664,
      "CV_q75": 0.43677812271816385,
      "CV_q90": 0.5632319206248567,
      "CV_q95": 0.6516014316886559
    },
    "5": {
      "median_abs_epsilon": 0.2142477035522461,
      "mean_abs_epsilon": 0.49458179809722974,
      "variance_epsilon": 0.7980019710302626,
      "nr_prec": 65368,
      "CV_median": 0.33211715950976384,
      "CV_q75": 0.4496733504557664,
      "CV_q90": 0.5901174745009481,
      "CV_q95": 0.6874689679990545
    },
    "4": {
      "median_abs_epsilon": 0.24092483520507812,
      "mean_abs_epsilon": 0.5664364359675895,
      "variance_epsilon": 1.0035058404546593,
      "nr_prec": 73384,
      "CV_median": 0.3338785598779073,
      "CV_q75": 0.45533443503021825,
      "CV_q90": 0.6014772388143035,
      "CV_q95": 0.7043876354126555
    },
    "3": {
      "median_abs_epsilon": 0.2492084503173828,
      "mean_abs_epsilon": 0.5749559734783247,
      "variance_epsilon": 1.0096062306217413,
      "nr_prec": 92279,
      "CV_median": 0.3385809358430188,
      "CV_q75": 0.4632854505078126,
      "CV_q90": 0.61134148127669,
      "CV_q95": 0.716517713718539
    },
    "2": {
      "median_abs_epsilon": 0.25249767303466797,
      "mean_abs_epsilon": 0.578168212729615,
      "variance_epsilon": 1.0121603311810234,
      "nr_prec": 97157,
      "CV_median": 0.33885537778073316,
      "CV_q75": 0.46531833969288416,
      "CV_q90": 0.6159959118405687,
      "CV_q95": 0.7243929731245897
    },
    "1": {
      "median_abs_epsilon": 0.25249767303466797,
      "mean_abs_epsilon": 0.578168212729615,
      "variance_epsilon": 1.0121603311810232,
      "nr_prec": 99647,
      "CV_median": 0.33885537778073316,
      "CV_q75": 0.46531833969288416,
      "CV_q90": 0.6159959118405687,
      "CV_q95": 0.7243929731245897
    }
  },
  "median_abs_epsilon": 0.2492084503173828,
  "mean_abs_epsilon": 0.5749559734783247,
  "nr_prec": 92279,
  "comments": "",
  "proteobench_version": "0.8.28",
  "color": "#d30067",
  "hover_text": "ProteoBench ID: DIA-NN_20250710_142815<br>Software tool: DIA-NN <br>Comment (private submission): ...",
  "scatter_size": 40,
  "fixed_mods": "unimod4",
  "variable_mods": "UniMod:35/15.994915/M,UniMod:1/42.010565/*n",
  "max_mods": "1",
  "min_precursor_charge": "1",
  "max_precursor_charge": "4",
  "quantification_method": "QuantUMS high-precision",
  "protein_inference": "1",
  "abundance_normalization_ions": null,
  "submission_comments": "Machine learning : NNs (crosss-calidated)\nCross-run normalisation : RT-dependent\nLibrary generation : Smart profiling\n\n\n ### Parameter changes detected:\n- **ident_fdr_protein**: `None` \u2192 `nan`\n- **ident_fdr_peptide**: `None` \u2192 `nan`\n\nDataset URL: https://proteobench.cubimed.rub.de/datasets/807afa2ce29be6b9f0cea573ad7d7e3cb87ba5c6/"
}