{
  "old_new": "new",
  "id": "Spectronaut_20250610_095938",
  "software_name": "Spectronaut",
  "software_version": "19.0.240606.62635",
  "search_engine": "Spectronaut",
  "search_engine_version": "19.0.240606.62635",
  "ident_fdr_psm": "0.01",
  "ident_fdr_peptide": null,
  "ident_fdr_protein": "0.01",
  "enable_match_between_runs": false,
  "precursor_mass_tolerance": "Dynamic",
  "fragment_mass_tolerance": "Dynamic",
  "enzyme": "Trypsin/P",
  "allowed_miscleavages": "2",
  "min_peptide_length": "7",
  "max_peptide_length": "52",
  "is_temporary": false,
  "intermediate_hash": "809d92711404fbf1022c6da297ff68185c33467c",
  "results": {
    "6": {
      "median_abs_epsilon": 0.15776103380344608,
      "mean_abs_epsilon": 0.5287456828332608,
      "variance_epsilon": 1.1662991189520553,
      "nr_prec": 68521,
      "CV_median": 0.1636634196412633,
      "CV_q90": 0.42898743577955234,
      "CV_q75": 0.2659543804882324,
      "CV_q95": 0.5772475031460091
    },
    "5": {
      "median_abs_epsilon": 0.1850510971008692,
      "mean_abs_epsilon": 0.667125190609704,
      "variance_epsilon": 1.8365657009999181,
      "nr_prec": 78135,
      "CV_median": 0.16999574178989932,
      "CV_q90": 0.4757633401535645,
      "CV_q75": 0.2829023712741927,
      "CV_q95": 0.6483940886389383
    },
    "4": {
      "median_abs_epsilon": 0.2130217181720564,
      "mean_abs_epsilon": 0.8317272724015166,
      "variance_epsilon": 2.937968812060742,
      "nr_prec": 85891,
      "CV_median": 0.17234307966139628,
      "CV_q90": 0.49221828899075937,
      "CV_q75": 0.28951687179089025,
      "CV_q95": 0.6716006894410471
    },
    "3": {
      "median_abs_epsilon": 0.2187518742316179,
      "mean_abs_epsilon": 0.8482672234571739,
      "variance_epsilon": 3.0351131863277563,
      "nr_prec": 100839,
      "CV_median": 0.1745094133919145,
      "CV_q90": 0.499518753490911,
      "CV_q75": 0.29441805135769467,
      "CV_q95": 0.6803618180525666
    },
    "2": {
      "median_abs_epsilon": 0.22048878782310943,
      "mean_abs_epsilon": 0.8519459294293357,
      "variance_epsilon": 3.0597353980116337,
      "nr_prec": 103290,
      "CV_median": 0.17504973004064703,
      "CV_q90": 0.5043836489717086,
      "CV_q75": 0.29610850625909285,
      "CV_q95": 0.6873260835289223
    },
    "1": {
      "median_abs_epsilon": 0.22048878782310943,
      "mean_abs_epsilon": 0.8519459294293359,
      "variance_epsilon": 3.0597353980116333,
      "nr_prec": 104052,
      "CV_median": 0.17504973004064703,
      "CV_q90": 0.5043836489717086,
      "CV_q75": 0.29610850625909285,
      "CV_q95": 0.6873260835289223
    }
  },
  "median_abs_epsilon": 0.2187518742316179,
  "mean_abs_epsilon": 0.8482672234571739,
  "nr_prec": 100839,
  "comments": "",
  "proteobench_version": "0.8.22",
  "color": "#bcbd22",
  "hover_text": "ProteoBench ID: Spectronaut_20250610_095938<br>Software tool: Spectronaut <br>Comment (private submission): ...",
  "scatter_size": 20,
  "fixed_mods": "Carbamidomethyl (C)",
  "variable_mods": "Acetyl (Protein N-term), Oxidation (M)",
  "max_mods": "5",
  "min_precursor_charge": null,
  "max_precursor_charge": null,
  "quantification_method": "MS2",
  "protein_inference": "IDPicker",
  "abundance_normalization_ions": "True",
  "submission_comments": "\n\n ### Parameter changes detected:\n- **scan_window**: `Dynamic` \u2192 `[MISSING]`\n\nDataset URL: https://proteobench.cubimed.rub.de/datasets/809d92711404fbf1022c6da297ff68185c33467c/"
}