{
  "old_new": "new",
  "id": "FragPipe (DIA-NN quant)_20260309_112355",
  "software_name": "FragPipe (DIA-NN quant)",
  "software_version": "23.0",
  "search_engine": "MSFragger",
  "search_engine_version": "4.2",
  "ident_fdr_psm": "0.01",
  "ident_fdr_peptide": null,
  "ident_fdr_protein": "0.01",
  "enable_match_between_runs": false,
  "precursor_mass_tolerance": "[-20 ppm, 20 ppm]",
  "fragment_mass_tolerance": "[-20 ppm, 20 ppm]",
  "enzyme": "Trypsin/P",
  "allowed_miscleavages": 1,
  "min_peptide_length": 7,
  "max_peptide_length": 50,
  "is_temporary": false,
  "intermediate_hash": "82c19165db06bb0f9341a4a1e8d80f4ab166f3c4",
  "results": {
    "6": {
      "median_abs_epsilon_global": 0.1188264341903178,
      "median_abs_epsilon_eq_species": 0.14858140235841213,
      "median_abs_epsilon_ECOLI": 0.200469306078908,
      "median_abs_epsilon_HUMAN": 0.11269304624197929,
      "median_abs_epsilon_YEAST": 0.13258185475434914,
      "mean_abs_epsilon_global": 0.4127911072748601,
      "mean_abs_epsilon_eq_species": 0.42281463712613415,
      "mean_abs_epsilon_ECOLI": 0.48066896892285527,
      "mean_abs_epsilon_HUMAN": 0.4239681311163743,
      "mean_abs_epsilon_YEAST": 0.3638068113391729,
      "median_log2_empirical_ECOLI": -1.9307537183550423,
      "median_log2_empirical_HUMAN": -0.05751676760850977,
      "median_log2_empirical_YEAST": 1.0202667941720662,
      "median_abs_epsilon_precision_global": 0.11129812812375306,
      "median_abs_epsilon_precision_eq_species": 0.14245277291713818,
      "median_abs_epsilon_precision_ECOLI": 0.19482317097739177,
      "median_abs_epsilon_precision_HUMAN": 0.10479131458536983,
      "median_abs_epsilon_precision_YEAST": 0.1277438331886529,
      "mean_log2_empirical_ECOLI": -1.7967046199107992,
      "mean_log2_empirical_HUMAN": -0.1136639092914221,
      "mean_log2_empirical_YEAST": 0.9472658623134022,
      "mean_abs_epsilon_precision_global": 0.4150198415699457,
      "mean_abs_epsilon_precision_eq_species": 0.4325284284714816,
      "mean_abs_epsilon_precision_ECOLI": 0.4994256388270995,
      "mean_abs_epsilon_precision_HUMAN": 0.42285399785678746,
      "mean_abs_epsilon_precision_YEAST": 0.37530564873055766,
      "CV_median": 0.12963035584579183,
      "CV_q75": 0.20782295207376306,
      "CV_q90": 0.3133329014967159,
      "CV_q95": 0.40752064421533696,
      "roc_auc": 0.8526922545798403,
      "roc_auc_directional": 0.9082817779044969,
      "nr_prec": 51915,
      "nr_prec_HUMAN": 39096,
      "nr_prec_YEAST": 11185,
      "nr_prec_ECOLI": 1634,
      "variance_epsilon_global": 0.7178477305516883
    },
    "5": {
      "median_abs_epsilon_global": 0.13444079672321152,
      "median_abs_epsilon_eq_species": 0.18010173366661242,
      "median_abs_epsilon_ECOLI": 0.26359241759161556,
      "median_abs_epsilon_HUMAN": 0.1270918100724856,
      "median_abs_epsilon_YEAST": 0.1496209733357361,
      "mean_abs_epsilon_global": 0.4922926426447976,
      "mean_abs_epsilon_eq_species": 0.5080248165046894,
      "mean_abs_epsilon_ECOLI": 0.6013483543929903,
      "mean_abs_epsilon_HUMAN": 0.5100431582089052,
      "mean_abs_epsilon_YEAST": 0.41268293691217306,
      "median_log2_empirical_ECOLI": -1.911126821994218,
      "median_log2_empirical_HUMAN": -0.055919128666488405,
      "median_log2_empirical_YEAST": 1.0168521823090622,
      "median_abs_epsilon_precision_global": 0.1283494175177644,
      "median_abs_epsilon_precision_eq_species": 0.17576039776604446,
      "median_abs_epsilon_precision_ECOLI": 0.2606922900571078,
      "median_abs_epsilon_precision_HUMAN": 0.11953018740348398,
      "median_abs_epsilon_precision_YEAST": 0.1470587158375416,
      "mean_log2_empirical_ECOLI": -1.7114838953147151,
      "mean_log2_empirical_HUMAN": -0.0633684701782583,
      "mean_log2_empirical_YEAST": 0.9634436991902305,
      "mean_abs_epsilon_precision_global": 0.48819504735062996,
      "mean_abs_epsilon_precision_eq_species": 0.5173073499147288,
      "mean_abs_epsilon_precision_ECOLI": 0.632123571673306,
      "mean_abs_epsilon_precision_HUMAN": 0.5014044693344394,
      "mean_abs_epsilon_precision_YEAST": 0.4183940087364412,
      "CV_median": 0.13185603839893487,
      "CV_q75": 0.21396390075881316,
      "CV_q90": 0.3303296656065051,
      "CV_q95": 0.43747293897253475,
      "roc_auc": 0.8234954237434622,
      "roc_auc_directional": 0.8870302180992587,
      "nr_prec": 58066,
      "nr_prec_HUMAN": 43383,
      "nr_prec_YEAST": 12569,
      "nr_prec_ECOLI": 2114,
      "variance_epsilon_global": 0.9634753438599152
    },
    "4": {
      "median_abs_epsilon_global": 0.150570529212807,
      "median_abs_epsilon_eq_species": 0.2123777210016057,
      "median_abs_epsilon_ECOLI": 0.32767656021242786,
      "median_abs_epsilon_HUMAN": 0.14083687720241933,
      "median_abs_epsilon_YEAST": 0.16861972558996996,
      "mean_abs_epsilon_global": 0.5837043801884857,
      "mean_abs_epsilon_eq_species": 0.5941556756904872,
      "mean_abs_epsilon_ECOLI": 0.6958518977034691,
      "mean_abs_epsilon_HUMAN": 0.6082251868084291,
      "mean_abs_epsilon_YEAST": 0.47838994255956346,
      "median_log2_empirical_ECOLI": -1.898097806595036,
      "median_log2_empirical_HUMAN": -0.051954281199042995,
      "median_log2_empirical_YEAST": 1.0187901052554231,
      "median_abs_epsilon_precision_global": 0.14483230234911026,
      "median_abs_epsilon_precision_eq_species": 0.2094941473742805,
      "median_abs_epsilon_precision_ECOLI": 0.3290879572581922,
      "median_abs_epsilon_precision_HUMAN": 0.1338726546854403,
      "median_abs_epsilon_precision_YEAST": 0.16552183017920896,
      "mean_log2_empirical_ECOLI": -1.6824916280665623,
      "mean_log2_empirical_HUMAN": 0.01950275189660921,
      "mean_log2_empirical_YEAST": 1.012283507978998,
      "mean_abs_epsilon_precision_global": 0.5891356383879495,
      "mean_abs_epsilon_precision_eq_species": 0.6051295443827142,
      "mean_abs_epsilon_precision_ECOLI": 0.7234384800752095,
      "mean_abs_epsilon_precision_HUMAN": 0.6142187745146465,
      "mean_abs_epsilon_precision_YEAST": 0.47773137855828646,
      "CV_median": 0.13260970945061926,
      "CV_q75": 0.21586113070885593,
      "CV_q90": 0.33537826478361904,
      "CV_q95": 0.44581747245509495,
      "roc_auc": 0.7957245034386076,
      "roc_auc_directional": 0.8680547595408465,
      "nr_prec": 63312,
      "nr_prec_HUMAN": 47052,
      "nr_prec_YEAST": 13691,
      "nr_prec_ECOLI": 2569,
      "variance_epsilon_global": 1.2791601864127133
    },
    "3": {
      "median_abs_epsilon_global": 0.15328937768151363,
      "median_abs_epsilon_eq_species": 0.21793206522990496,
      "median_abs_epsilon_ECOLI": 0.3382763906143751,
      "median_abs_epsilon_HUMAN": 0.14317858139259343,
      "median_abs_epsilon_YEAST": 0.1723412236827464,
      "mean_abs_epsilon_global": 0.588025569102657,
      "mean_abs_epsilon_eq_species": 0.6030884036905954,
      "mean_abs_epsilon_ECOLI": 0.714863761212622,
      "mean_abs_epsilon_HUMAN": 0.611804234539724,
      "mean_abs_epsilon_YEAST": 0.48259721531944,
      "median_log2_empirical_ECOLI": -1.8924621378501918,
      "median_log2_empirical_HUMAN": -0.051678870999717574,
      "median_log2_empirical_YEAST": 1.0172549121413077,
      "median_abs_epsilon_precision_global": 0.14798916005644536,
      "median_abs_epsilon_precision_eq_species": 0.21563853450529122,
      "median_abs_epsilon_precision_ECOLI": 0.3411034767423171,
      "median_abs_epsilon_precision_HUMAN": 0.1363496876958834,
      "median_abs_epsilon_precision_YEAST": 0.1694624390776731,
      "mean_log2_empirical_ECOLI": -1.6609561133032855,
      "mean_log2_empirical_HUMAN": 0.020385675835970177,
      "mean_log2_empirical_YEAST": 1.006383669480396,
      "mean_abs_epsilon_precision_global": 0.5937372690472742,
      "mean_abs_epsilon_precision_eq_species": 0.6147633511853237,
      "mean_abs_epsilon_precision_ECOLI": 0.7440723495761044,
      "mean_abs_epsilon_precision_HUMAN": 0.6180023527841925,