{
  "id": "Spectronaut_20250224_101037",
  "software_name": "Spectronaut",
  "software_version": "19.5.241126.62635",
  "search_engine_version": "19.5.241126.62635",
  "search_engine": "Spectronaut",
  "ident_fdr_psm": "0.01",
  "ident_fdr_peptide": null,
  "ident_fdr_protein": "0.01",
  "enable_match_between_runs": false,
  "precursor_mass_tolerance": "[-40 ppm, 40 ppm]",
  "precursor_mass_tolerance_unit": NaN,
  "fragment_mass_tolerance": "[-40 ppm, 40 ppm]",
  "fragment_mass_tolerance_unit": NaN,
  "enzyme": "Trypsin/P",
  "allowed_miscleavages": "1",
  "min_peptide_length": "6",
  "max_peptide_length": "52",
  "intermediate_hash": "8b135d4710cd3381a2d68f263d6154f6cab07c28",
  "fixed_mods": "Carbamidomethyl (C)",
  "variable_mods": "Acetyl (Protein N-term), Oxidation (M)",
  "max_mods": "1",
  "min_precursor_charge": null,
  "max_precursor_charge": null,
  "median_abs_epsilon": 0.21244928196568225,
  "nr_prec": 99724,
  "is_temporary": false,
  "old_new": "new",
  "results": {
    "6": {
      "median_abs_epsilon": 0.1547092545062041,
      "mean_abs_epsilon": 0.5075534215172166,
      "variance_epsilon": 1.0802651213902883,
      "nr_prec": 68032,
      "CV_median": 0.16655929990822266,
      "CV_q90": 0.42824094033092014,
      "CV_q75": 0.26910569993788663,
      "CV_q95": 0.5769326700388203
    },
    "5": {
      "median_abs_epsilon": 0.18035228219802146,
      "mean_abs_epsilon": 0.6394123109275359,
      "variance_epsilon": 1.6989387609101976,
      "nr_prec": 77530,
      "CV_median": 0.17326560978524458,
      "CV_q90": 0.47784361252659924,
      "CV_q75": 0.2870058950847979,
      "CV_q95": 0.6494031315444397
    },
    "4": {
      "median_abs_epsilon": 0.2066667280902772,
      "mean_abs_epsilon": 0.8063744080553991,
      "variance_epsilon": 2.7966681697921874,
      "nr_prec": 85124,
      "CV_median": 0.17568266620659473,
      "CV_q90": 0.49512219961348874,
      "CV_q75": 0.2932611266947612,
      "CV_q95": 0.6739762360486766
    },
    "3": {
      "median_abs_epsilon": 0.21244928196568225,
      "mean_abs_epsilon": 0.8242380397868643,
      "variance_epsilon": 2.9078183447105665,
      "nr_prec": 99724,
      "CV_median": 0.17796969153258282,
      "CV_q90": 0.5041621868981958,
      "CV_q75": 0.29815565999061505,
      "CV_q95": 0.6846166679879805
    },
    "2": {
      "median_abs_epsilon": 0.21410061083564536,
      "mean_abs_epsilon": 0.828995922236552,
      "variance_epsilon": 2.942146151148281,
      "nr_prec": 102061,
      "CV_median": 0.17856830451852757,
      "CV_q90": 0.5100535018286242,
      "CV_q75": 0.29999934073812934,
      "CV_q95": 0.6925000491333583
    },
    "1": {
      "median_abs_epsilon": 0.21410061083564536,
      "mean_abs_epsilon": 0.828995922236552,
      "variance_epsilon": 2.9421461511482807,
      "nr_prec": 102865,
      "CV_median": 0.17856830451852757,
      "CV_q90": 0.5100535018286242,
      "CV_q75": 0.29999934073812934,
      "CV_q95": 0.6925000491333583
    }
  },
  "weighted_sum": NaN,
  "color": "#bcbd22",
  "hover_text": "ProteoBench ID: Spectronaut_20250224_101037<br>Software tool: Spectronaut <br>Comment (private submission): ",
  "scatter_size": 20,
  "comments": "",
  "proteobench_version": "0.6.0",
  "scan_window": NaN,
  "quantification_method_DIANN": NaN,
  "second_pass": NaN,
  "protein_inference": "IDPicker",
  "predictors_library": NaN,
  "submission_comments": "\n\n ### Parameter changes Detected:\n- **scan_window**: `Dynamic` \u2192 `[MISSING]`\n- **second_pass**: `directDIA+ (Deep)` \u2192 `[MISSING]`\n- **predictors_library**: `False` \u2192 `[MISSING]`\n\nDataset URL: https://proteobench.cubimed.rub.de/datasets/8b135d4710cd3381a2d68f263d6154f6cab07c28/",
  "quantification_method": "MS2",
  "mean_abs_epsilon": 0.8242380397868643,
  "abundance_normalization_ions": "True"
}