{
  "old_new": "new",
  "id": "FragPipe (DIA-NN quant)_20250610_101656",
  "software_name": "FragPipe (DIA-NN quant)",
  "software_version": "22.0",
  "search_engine": "MSFragger",
  "search_engine_version": null,
  "ident_fdr_psm": "0.01",
  "ident_fdr_peptide": null,
  "ident_fdr_protein": "0.01",
  "enable_match_between_runs": false,
  "precursor_mass_tolerance": "[-20 ppm, 20 ppm]",
  "fragment_mass_tolerance": "[-20 ppm, 20 ppm]",
  "enzyme": "Trypsin/P",
  "allowed_miscleavages": "1",
  "min_peptide_length": "6",
  "max_peptide_length": "50",
  "is_temporary": false,
  "intermediate_hash": "91a49761d9995c9973b7b9ee98e69275d730b1b1",
  "results": {
    "6": {
      "median_abs_epsilon": 0.12475964067554202,
      "mean_abs_epsilon": 0.4199068852509506,
      "variance_epsilon": 0.7371036549407707,
      "nr_prec": 52235,
      "CV_median": 0.3223015592285382,
      "CV_q90": 0.5242938483511049,
      "CV_q75": 0.4064886216011293,
      "CV_q95": 0.616833408392897
    },
    "5": {
      "median_abs_epsilon": 0.14454246062407883,
      "mean_abs_epsilon": 0.50587715549328,
      "variance_epsilon": 1.0051737888051224,
      "nr_prec": 58662,
      "CV_median": 0.3248652100206067,
      "CV_q90": 0.5447986493168766,
      "CV_q75": 0.41456478697880716,
      "CV_q95": 0.64786293643585
    },
    "4": {
      "median_abs_epsilon": 0.16461582150609644,
      "mean_abs_epsilon": 0.5954181560387024,
      "variance_epsilon": 1.3156382328692386,
      "nr_prec": 63957,
      "CV_median": 0.3257411720841885,
      "CV_q90": 0.5508345054578994,
      "CV_q75": 0.4171043954027154,
      "CV_q95": 0.6570489031976476
    },
    "3": {
      "median_abs_epsilon": 0.16802234502981506,
      "mean_abs_epsilon": 0.6016213878000422,
      "variance_epsilon": 1.3249664806658945,
      "nr_prec": 72356,
      "CV_median": 0.3277013349267248,
      "CV_q90": 0.5540197212989153,
      "CV_q75": 0.41977700299638454,
      "CV_q95": 0.6612703200757787
    },
    "2": {
      "median_abs_epsilon": 0.16955741709239547,
      "mean_abs_epsilon": 0.6036144058110599,
      "variance_epsilon": 1.3273679750318,
      "nr_prec": 73720,
      "CV_median": 0.32771652073514335,
      "CV_q90": 0.5557437983690421,
      "CV_q75": 0.42027563724639705,
      "CV_q95": 0.6634093848942711
    },
    "1": {
      "median_abs_epsilon": 0.16955741709239547,
      "mean_abs_epsilon": 0.6036144058110599,
      "variance_epsilon": 1.3273679750317997,
      "nr_prec": 74186,
      "CV_median": 0.32771652073514335,
      "CV_q90": 0.5557437983690421,
      "CV_q75": 0.42027563724639705,
      "CV_q95": 0.6634093848942711
    }
  },
  "median_abs_epsilon": 0.16802234502981506,
  "mean_abs_epsilon": 0.6016213878000422,
  "nr_prec": 72356,
  "comments": "",
  "proteobench_version": "0.8.22",
  "color": "#ff7f00",
  "hover_text": "ProteoBench ID: FragPipe (DIA-NN quant)_20250610_101656<br>Software tool: FragPipe (DIA-NN quant) <br>Comment (private submission): ...",
  "scatter_size": 20,
  "fixed_mods": "0.0,C-Term Peptide,true,-1; 0.0,N-Term Peptide,true,-1; 0.0,C-Term Protein,true,-1; 0.0,N-Term Protein,true,-1; 0.0,G (glycine),true,-1; 0.0,A (alanine),true,-1; 0.0,S (serine),true,-1; 0.0,P (proline),true,-1; 0.0,V (valine),true,-1; 0.0,T (threonine),true,-1; 57.02146,C (cysteine),true,-1; 0.0,L (leucine),true,-1; 0.0,I (isoleucine),true,-1; 0.0,N (asparagine),true,-1; 0.0,D (aspartic acid),true,-1; 0.0,Q (glutamine),true,-1; 0.0,K (lysine),true,-1; 0.0,E (glutamic acid),true,-1; 0.0,M (methionine),true,-1; 0.0,H (histidine),true,-1; 0.0,F (phenylalanine),true,-1; 0.0,R (arginine),true,-1; 0.0,Y (tyrosine),true,-1; 0.0,W (tryptophan),true,-1; 0.0,B ,true,-1; 0.0,J,true,-1; 0.0,O,true,-1; 0.0,U,true,-1; 0.0,X,true,-1; 0.0,Z,true,-1",
  "variable_mods": "15.9949,M,true,1; 42.0106,[^,true,1; 79.96633,STY,false,3; -17.0265,nQnC,false,1; -18.0106,nE,false,1; 0.0,site_06,false,1; 0.0,site_07,false,1; 0.0,site_08,false,1; 0.0,site_09,false,1; 0.0,site_10,false,1; 0.0,site_11,false,1; 0.0,site_12,false,1; 0.0,site_13,false,1; 0.0,site_14,false,1; 0.0,site_15,false,1; 0.0,site_16,false,1",
  "max_mods": "1",
  "min_precursor_charge": "1",
  "max_precursor_charge": "4",
  "quantification_method": "Robust LC (high accuracy)",
  "protein_inference": "ProteinProphet: --maxppmdiff 2000000 --minprob 0.5",
  "abundance_normalization_ions": null,
  "submission_comments": "\n\n ### No parameter changes detected. \n\n\nDataset URL: https://proteobench.cubimed.rub.de/datasets/91a49761d9995c9973b7b9ee98e69275d730b1b1/"
}