{
  "old_new": "new",
  "id": "Spectronaut_20250613_111804",
  "software_name": "Spectronaut",
  "software_version": "20.0.250602.92449",
  "search_engine": "Spectronaut",
  "search_engine_version": "20.0.250602.92449",
  "ident_fdr_psm": "0.01",
  "ident_fdr_peptide": null,
  "ident_fdr_protein": "0.01",
  "enable_match_between_runs": false,
  "precursor_mass_tolerance": "Dynamic",
  "fragment_mass_tolerance": "Dynamic",
  "enzyme": "Trypsin/P",
  "allowed_miscleavages": "2",
  "min_peptide_length": "6",
  "max_peptide_length": "52",
  "is_temporary": false,
  "intermediate_hash": "9674d01df1ccf5b72b71af7b57f1ab6bcefc369f",
  "results": {
    "6": {
      "median_abs_epsilon": 0.14851478214474412,
      "mean_abs_epsilon": 0.45601322381927567,
      "variance_epsilon": 0.8295306490800608,
      "nr_prec": 66247,
      "CV_median": 0.15571857901269143,
      "CV_q90": 0.3980257908632575,
      "CV_q75": 0.2540830770050767,
      "CV_q95": 0.5227514284181507
    },
    "5": {
      "median_abs_epsilon": 0.16982301691793555,
      "mean_abs_epsilon": 0.5508417272638038,
      "variance_epsilon": 1.1832336843242868,
      "nr_prec": 75282,
      "CV_median": 0.16149190480478742,
      "CV_q90": 0.43465885570762347,
      "CV_q75": 0.26947455194071096,
      "CV_q95": 0.5798733184905822
    },
    "4": {
      "median_abs_epsilon": 0.19373124741507652,
      "mean_abs_epsilon": 0.6706858795505812,
      "variance_epsilon": 1.7657030354964947,
      "nr_prec": 83071,
      "CV_median": 0.1641332984033813,
      "CV_q90": 0.44950969893415216,
      "CV_q75": 0.27598724336640557,
      "CV_q95": 0.6018007305781732
    },
    "3": {
      "median_abs_epsilon": 0.19801305620752885,
      "mean_abs_epsilon": 0.6805401836040036,
      "variance_epsilon": 1.8077045774859828,
      "nr_prec": 99607,
      "CV_median": 0.166972442489981,
      "CV_q90": 0.45891903344021767,
      "CV_q75": 0.2814576646436046,
      "CV_q95": 0.6135086099083125
    },
    "2": {
      "median_abs_epsilon": 0.199601584551651,
      "mean_abs_epsilon": 0.6833773628034954,
      "variance_epsilon": 1.8240266398533278,
      "nr_prec": 102123,
      "CV_median": 0.16761887838914225,
      "CV_q90": 0.4640819043067043,
      "CV_q75": 0.28331946891649135,
      "CV_q95": 0.6212982243396497
    },
    "1": {
      "median_abs_epsilon": 0.199601584551651,
      "mean_abs_epsilon": 0.6833773628034951,
      "variance_epsilon": 1.8240266398533282,
      "nr_prec": 102779,
      "CV_median": 0.16761887838914225,
      "CV_q90": 0.4640819043067043,
      "CV_q75": 0.28331946891649135,
      "CV_q95": 0.6212982243396497
    }
  },
  "median_abs_epsilon": 0.19801305620752885,
  "mean_abs_epsilon": 0.6805401836040036,
  "nr_prec": 99607,
  "comments": "",
  "proteobench_version": "0.8.23",
  "color": "#007548",
  "hover_text": "ProteoBench ID: Spectronaut_20250613_111804<br>Software tool: Spectronaut <br>Comment (private submission): ...",
  "scatter_size": 20,
  "fixed_mods": "Carbamidomethyl (C)",
  "variable_mods": "Acetyl (Protein N-term), Oxidation (M)",
  "max_mods": "1",
  "min_precursor_charge": null,
  "max_precursor_charge": null,
  "quantification_method": "MS2",
  "protein_inference": "IDPicker",
  "abundance_normalization_ions": "True",
  "submission_comments": "\n\n ### Parameter changes detected:\n- **scan_window**: `Dynamic` \u2192 `[MISSING]`\n\nDataset URL: https://proteobench.cubimed.rub.de/datasets/9674d01df1ccf5b72b71af7b57f1ab6bcefc369f/"
}