{
    "id": "AlphaDIA_20250123_090303",
    "software_name": "AlphaDIA",
    "software_version": null,
    "search_engine_version": null,
    "search_engine": "AlphaDIA",
    "ident_fdr_psm": null,
    "ident_fdr_peptide": null,
    "ident_fdr_protein": 0.01,
    "enable_match_between_runs": false,
    "precursor_mass_tolerance": 5.0,
    "precursor_mass_tolerance_unit": null,
    "fragment_mass_tolerance": 10.0,
    "fragment_mass_tolerance_unit": null,
    "enzyme": "trypsin/p",
    "allowed_miscleavages": 1,
    "min_peptide_length": 6,
    "max_peptide_length": 30,
    "intermediate_hash": "9b100f109cf678f823604084c5cf8ba5e27fdb2f",
    "fixed_mods": "Carbamidomethyl@C",
    "variable_mods": "Oxidation@M;Acetyl@Protein_N-term",
    "max_mods": 1,
    "min_precursor_charge": 1,
    "max_precursor_charge": 4,
    "median_abs_epsilon": 0.0785236359,
    "nr_prec": 51726,
    "is_temporary": false,
    "old_new": "new",
    "results": {
        "6": {
            "median_abs_epsilon": 0.0665397644,
            "mean_abs_epsilon": 0.144665898,
            "variance_epsilon": 0.0994558818,
            "nr_prec": 27023,
            "CV_median": 0.086954913,
            "CV_q90": 0.2142460827,
            "CV_q75": 0.1393419606,
            "CV_q95": 0.282966491
        },
        "5": {
            "median_abs_epsilon": 0.0706570943,
            "mean_abs_epsilon": 0.1543678057,
            "variance_epsilon": 0.1103554147,
            "nr_prec": 32923,
            "CV_median": 0.0868870491,
            "CV_q90": 0.2179592531,
            "CV_q75": 0.1404835917,
            "CV_q95": 0.2899036859
        },
        "4": {
            "median_abs_epsilon": 0.0754343669,
            "mean_abs_epsilon": 0.1646402784,
            "variance_epsilon": 0.1197477071,
            "nr_prec": 38436,
            "CV_median": 0.0867647632,
            "CV_q90": 0.2205519105,
            "CV_q75": 0.1411746167,
            "CV_q95": 0.2931661934
        },
        "3": {
            "median_abs_epsilon": 0.0785236359,
            "mean_abs_epsilon": 0.1691653052,
            "variance_epsilon": 0.1237178956,
            "nr_prec": 51726,
            "CV_median": 0.0868493742,
            "CV_q90": 0.222137392,
            "CV_q75": 0.1416831046,
            "CV_q95": 0.2965698546
        },
        "2": {
            "median_abs_epsilon": 0.080619812,
            "mean_abs_epsilon": 0.1736402644,
            "variance_epsilon": 0.1303412593,
            "nr_prec": 59848,
            "CV_median": 0.0863516357,
            "CV_q90": 0.2233220427,
            "CV_q75": 0.142036939,
            "CV_q95": 0.2980534945
        },
        "1": {
            "median_abs_epsilon": 0.080619812,
            "mean_abs_epsilon": 0.1736402644,
            "variance_epsilon": 0.1303412593,
            "nr_prec": 70888,
            "CV_median": 0.0863516357,
            "CV_q90": 0.2233220427,
            "CV_q75": 0.142036939,
            "CV_q95": 0.2980534945
        }
    },
    "weighted_sum": null,
    "color": "#4daf4a",
    "hover_text": "ProteoBench ID: AlphaDIA_20250123_090303<br>Software tool: AlphaDIA <br>Comment (private submission): ",
    "scatter_size": 20,
    "comments": "",
    "proteobench_version": "0.5.15",
    "scan_window": 15,
    "quantification_method_DIANN": null,
    "second_pass": null,
    "protein_inference": "heuristic",
    "predictors_library": "Built-in",
    "submission_comments": "\n\nDataset URL: https://proteobench.cubimed.rub.de/datasets/9b100f109cf678f823604084c5cf8ba5e27fdb2f/",
    "quantification_method": null,
    "mean_abs_epsilon": 0.1691653052,
    "abundance_normalization_ions": null
}