{
  "old_new": "new",
  "id": "DIA-NN_20250710_143504",
  "software_name": "DIA-NN",
  "software_version": "2.2.0 Academia ",
  "search_engine": "DIA-NN",
  "search_engine_version": "2.2.0 Academia ",
  "ident_fdr_psm": "0.01",
  "ident_fdr_peptide": NaN,
  "ident_fdr_protein": "1",
  "enable_match_between_runs": false,
  "precursor_mass_tolerance": "[-10.0 ppm, 10.0 ppm]",
  "fragment_mass_tolerance": "[-10.0 ppm, 10.0 ppm]",
  "enzyme": "Trypsin/P",
  "allowed_miscleavages": "1",
  "min_peptide_length": "6",
  "max_peptide_length": "30",
  "is_temporary": false,
  "intermediate_hash": "9d7da417629f3a746b3773e10ae065f3fbcf5c4f",
  "results": {
    "6": {
      "median_abs_epsilon": 0.13042640686035156,
      "mean_abs_epsilon": 0.3644065165351945,
      "variance_epsilon": 0.5226071661363773,
      "nr_prec": 56276,
      "CV_median": 0.32401998895019735,
      "CV_q75": 0.41403240438454403,
      "CV_q90": 0.532370443095461,
      "CV_q95": 0.6189927872298875
    },
    "5": {
      "median_abs_epsilon": 0.1520233154296875,
      "mean_abs_epsilon": 0.431694755219807,
      "variance_epsilon": 0.6912056440284405,
      "nr_prec": 65367,
      "CV_median": 0.3270214450772855,
      "CV_q75": 0.425059591876606,
      "CV_q90": 0.5557133231730909,
      "CV_q95": 0.6520184112785453
    },
    "4": {
      "median_abs_epsilon": 0.1748371124267578,
      "mean_abs_epsilon": 0.5031138180162639,
      "variance_epsilon": 0.8855637154334762,
      "nr_prec": 73383,
      "CV_median": 0.3281361775271791,
      "CV_q75": 0.42977634812427884,
      "CV_q90": 0.5663040072317551,
      "CV_q95": 0.6668464965717495
    },
    "3": {
      "median_abs_epsilon": 0.18219947814941406,
      "mean_abs_epsilon": 0.5116319934752881,
      "variance_epsilon": 0.8891838116149007,
      "nr_prec": 92278,
      "CV_median": 0.33197617808260416,
      "CV_q75": 0.43509487090788956,
      "CV_q90": 0.5718028480196395,
      "CV_q95": 0.6744252917456579
    },
    "2": {
      "median_abs_epsilon": 0.18520832061767578,
      "mean_abs_epsilon": 0.5139998831810889,
      "variance_epsilon": 0.8885095439324862,
      "nr_prec": 97156,
      "CV_median": 0.3320495952915129,
      "CV_q75": 0.4369689516168065,
      "CV_q90": 0.5766487456563432,
      "CV_q95": 0.68156705699597
    },
    "1": {
      "median_abs_epsilon": 0.18520832061767578,
      "mean_abs_epsilon": 0.5139998831810889,
      "variance_epsilon": 0.8885095439324862,
      "nr_prec": 99647,
      "CV_median": 0.3320495952915129,
      "CV_q75": 0.4369689516168065,
      "CV_q90": 0.5766487456563432,
      "CV_q95": 0.68156705699597
    }
  },
  "median_abs_epsilon": 0.18219947814941406,
  "mean_abs_epsilon": 0.5116319934752881,
  "nr_prec": 92278,
  "comments": "",
  "proteobench_version": "0.8.28",
  "color": "#d30067",
  "hover_text": "ProteoBench ID: DIA-NN_20250710_143504<br>Software tool: DIA-NN <br>Comment (private submission): ...",
  "scatter_size": 40,
  "fixed_mods": "unimod4",
  "variable_mods": "UniMod:35/15.994915/M,UniMod:1/42.010565/*n",
  "max_mods": "1",
  "min_precursor_charge": "1",
  "max_precursor_charge": "4",
  "quantification_method": "QuantUMS high-precision",
  "protein_inference": "1",
  "abundance_normalization_ions": null,
  "submission_comments": "Machine learning : NNs (crosss-calidated)\nCross-run normalisation : OFF\nLibrary generation : Smart profiling\n\n\n ### Parameter changes detected:\n- **ident_fdr_protein**: `None` \u2192 `1`\n- **ident_fdr_peptide**: `None` \u2192 `nan`\n\nDataset URL: https://proteobench.cubimed.rub.de/datasets/9d7da417629f3a746b3773e10ae065f3fbcf5c4f/"
}