{
  "old_new": "new",
  "id": "FragPipe (DIA-NN quant)_20250610_101030",
  "software_name": "FragPipe (DIA-NN quant)",
  "software_version": "22.0",
  "search_engine": "MSFragger",
  "search_engine_version": null,
  "ident_fdr_psm": "0.01",
  "ident_fdr_peptide": null,
  "ident_fdr_protein": "0.01",
  "enable_match_between_runs": false,
  "precursor_mass_tolerance": "[-20 ppm, 20 ppm]",
  "fragment_mass_tolerance": "[-20 ppm, 20 ppm]",
  "enzyme": "Trypsin/P",
  "allowed_miscleavages": "1",
  "min_peptide_length": "6",
  "max_peptide_length": "30",
  "is_temporary": false,
  "intermediate_hash": "9d82889d62f08567cd3c96be3c4704febaef5b8f",
  "results": {
    "6": {
      "median_abs_epsilon": 0.11364386193042719,
      "mean_abs_epsilon": 0.40792014158119383,
      "variance_epsilon": 0.7084405748885098,
      "nr_prec": 52109,
      "CV_median": 0.3220715308848419,
      "CV_q90": 0.51701078005402,
      "CV_q75": 0.40160888442072373,
      "CV_q95": 0.6063007661983726
    },
    "5": {
      "median_abs_epsilon": 0.13127620237325743,
      "mean_abs_epsilon": 0.4875732781933367,
      "variance_epsilon": 0.9393034921074397,
      "nr_prec": 58215,
      "CV_median": 0.32396674128016234,
      "CV_q90": 0.5366671344079621,
      "CV_q75": 0.40924475652109654,
      "CV_q95": 0.6354437443369072
    },
    "4": {
      "median_abs_epsilon": 0.14711010671769564,
      "mean_abs_epsilon": 0.5701031962385906,
      "variance_epsilon": 1.2095727001764855,
      "nr_prec": 63080,
      "CV_median": 0.32469445984084755,
      "CV_q90": 0.5415623024260934,
      "CV_q75": 0.4115255928459197,
      "CV_q95": 0.6431630669114443
    },
    "3": {
      "median_abs_epsilon": 0.1497871758847893,
      "mean_abs_epsilon": 0.574825564398777,
      "variance_epsilon": 1.2143502399023671,
      "nr_prec": 70539,
      "CV_median": 0.3262004802066607,
      "CV_q90": 0.5431368880893563,
      "CV_q75": 0.41345742649760103,
      "CV_q95": 0.646680940017559
    },
    "2": {
      "median_abs_epsilon": 0.15068243081864452,
      "mean_abs_epsilon": 0.5758481266306456,
      "variance_epsilon": 1.2146130969787732,
      "nr_prec": 71689,
      "CV_median": 0.32621669767118505,
      "CV_q90": 0.5444844347758407,
      "CV_q75": 0.4139599997485127,
      "CV_q95": 0.6488577000807836
    },
    "1": {
      "median_abs_epsilon": 0.15068243081864452,
      "mean_abs_epsilon": 0.5758481266306456,
      "variance_epsilon": 1.2146130969787732,
      "nr_prec": 72119,
      "CV_median": 0.32621669767118505,
      "CV_q90": 0.5444844347758407,
      "CV_q75": 0.4139599997485127,
      "CV_q95": 0.6488577000807836
    }
  },
  "median_abs_epsilon": 0.1497871758847893,
  "mean_abs_epsilon": 0.574825564398777,
  "nr_prec": 70539,
  "comments": "",
  "proteobench_version": "0.8.22",
  "color": "#ff7f00",
  "hover_text": "ProteoBench ID: FragPipe (DIA-NN quant)_20250610_101030<br>Software tool: FragPipe (DIA-NN quant) <br>Comment (private submission): ...",
  "scatter_size": 20,
  "fixed_mods": "0.0,C-Term Peptide,true,-1; 0.0,N-Term Peptide,true,-1; 0.0,C-Term Protein,true,-1; 0.0,N-Term Protein,true,-1; 0.0,G (glycine),true,-1; 0.0,A (alanine),true,-1; 0.0,S (serine),true,-1; 0.0,P (proline),true,-1; 0.0,V (valine),true,-1; 0.0,T (threonine),true,-1; 57.02146,C (cysteine),true,-1; 0.0,L (leucine),true,-1; 0.0,I (isoleucine),true,-1; 0.0,N (asparagine),true,-1; 0.0,D (aspartic acid),true,-1; 0.0,Q (glutamine),true,-1; 0.0,K (lysine),true,-1; 0.0,E (glutamic acid),true,-1; 0.0,M (methionine),true,-1; 0.0,H (histidine),true,-1; 0.0,F (phenylalanine),true,-1; 0.0,R (arginine),true,-1; 0.0,Y (tyrosine),true,-1; 0.0,W (tryptophan),true,-1; 0.0,B ,true,-1; 0.0,J,true,-1; 0.0,O,true,-1; 0.0,U,true,-1; 0.0,X,true,-1; 0.0,Z,true,-1",
  "variable_mods": "15.9949,M,true,1; 42.0106,[^,true,1; 79.96633,STY,false,3; -17.0265,nQnC,false,1; -18.0106,nE,false,1; 0.0,site_06,false,1; 0.0,site_07,false,1; 0.0,site_08,false,1; 0.0,site_09,false,1; 0.0,site_10,false,1; 0.0,site_11,false,1; 0.0,site_12,false,1; 0.0,site_13,false,1; 0.0,site_14,false,1; 0.0,site_15,false,1; 0.0,site_16,false,1",
  "max_mods": "1",
  "min_precursor_charge": "1",
  "max_precursor_charge": null,
  "quantification_method": "Robust LC (high accuracy)",
  "protein_inference": "ProteinProphet: --maxppmdiff 2000000 --minprob 0.5",
  "abundance_normalization_ions": null,
  "submission_comments": "\n\n ### No parameter changes detected. \n\n\nDataset URL: https://proteobench.cubimed.rub.de/datasets/9d82889d62f08567cd3c96be3c4704febaef5b8f/"
}