{
  "old_new": "new",
  "id": "DIA-NN_20250610_102642",
  "software_name": "DIA-NN",
  "software_version": "1.9.2",
  "search_engine": "DIA-NN",
  "search_engine_version": "1.9.2",
  "ident_fdr_psm": 0.01,
  "ident_fdr_peptide": NaN,
  "ident_fdr_protein": NaN,
  "enable_match_between_runs": true,
  "precursor_mass_tolerance": "[-9.32611 ppm, 9.32611 ppm]",
  "fragment_mass_tolerance": "[-14.3505 ppm, 14.3505 ppm]",
  "enzyme": "Trypsin/P",
  "allowed_miscleavages": 1,
  "min_peptide_length": 6,
  "max_peptide_length": 30,
  "is_temporary": false,
  "intermediate_hash": "acbc759c3e21125392fa6dfa1d59524c208286f9",
  "results": {
    "6": {
      "median_abs_epsilon_global": 0.12028485660812649,
      "median_abs_epsilon_eq_species": 0.1289647358547518,
      "median_abs_epsilon_ECOLI": 0.14658718131990156,
      "median_abs_epsilon_HUMAN": 0.11958705574446604,
      "median_abs_epsilon_YEAST": 0.12071997049988781,
      "mean_abs_epsilon_global": 0.330186458971915,
      "mean_abs_epsilon_eq_species": 0.31848089454526723,
      "mean_abs_epsilon_ECOLI": 0.3082526555761677,
      "mean_abs_epsilon_HUMAN": 0.33619301934342843,
      "mean_abs_epsilon_YEAST": 0.3109970087162056,
      "median_log2_empirical_ECOLI": -2.032363132891028,
      "median_log2_empirical_HUMAN": -0.08759800088925473,
      "median_log2_empirical_YEAST": 1.0358457398252998,
      "median_abs_epsilon_precision_global": 0.10042232988050515,
      "median_abs_epsilon_precision_eq_species": 0.11891241803665469,
      "median_abs_epsilon_precision_ECOLI": 0.1460355158638258,
      "median_abs_epsilon_precision_HUMAN": 0.09616685152295901,
      "median_abs_epsilon_precision_YEAST": 0.11453488672317924,
      "mean_log2_empirical_ECOLI": -2.0555722488848893,
      "mean_log2_empirical_HUMAN": -0.1806265401230077,
      "mean_log2_empirical_YEAST": 0.982582148642671,
      "mean_abs_epsilon_precision_global": 0.3305625027226563,
      "mean_abs_epsilon_precision_eq_species": 0.31933670955178256,
      "mean_abs_epsilon_precision_ECOLI": 0.3073204646910444,
      "mean_abs_epsilon_precision_HUMAN": 0.33557958621829936,
      "mean_abs_epsilon_precision_YEAST": 0.3151100777460039,
      "CV_median": 0.13363625994818512,
      "CV_q75": 0.21571479242914088,
      "CV_q90": 0.32613681499141217,
      "CV_q95": 0.41066494111356444,
      "roc_auc": 0.9028567476322807,
      "roc_auc_directional": 0.9421337610031351,
      "nr_prec": 52689,
      "nr_prec_HUMAN": 40270,
      "nr_prec_YEAST": 11118,
      "nr_prec_ECOLI": 1301,
      "variance_epsilon_global": 0.45918659647026444
    },
    "5": {
      "median_abs_epsilon_global": 0.13452644673356673,
      "median_abs_epsilon_eq_species": 0.1539569763049092,
      "median_abs_epsilon_ECOLI": 0.18915990919583692,
      "median_abs_epsilon_HUMAN": 0.13158057425096814,
      "median_abs_epsilon_YEAST": 0.14113044546792253,
      "mean_abs_epsilon_global": 0.38268112032216883,
      "mean_abs_epsilon_eq_species": 0.37682198296856634,
      "mean_abs_epsilon_ECOLI": 0.3905651754905239,
      "mean_abs_epsilon_HUMAN": 0.3927062148269045,
      "mean_abs_epsilon_YEAST": 0.3471945585882704,
      "median_log2_empirical_ECOLI": -2.036758789380034,
      "median_log2_empirical_HUMAN": -0.08914229629929338,
      "median_log2_empirical_YEAST": 1.0385756583693926,
      "median_abs_epsilon_precision_global": 0.11644463762341495,
      "median_abs_epsilon_precision_eq_species": 0.14350403025304756,
      "median_abs_epsilon_precision_ECOLI": 0.18530512390045395,
      "median_abs_epsilon_precision_HUMAN": 0.11007552386976371,
      "median_abs_epsilon_precision_YEAST": 0.135131442988925,
      "mean_log2_empirical_ECOLI": -2.0374935086756896,
      "mean_log2_empirical_HUMAN": -0.1683004644001395,
      "mean_log2_empirical_YEAST": 1.006721287460733,
      "mean_abs_epsilon_precision_global": 0.3773665443691337,
      "mean_abs_epsilon_precision_eq_species": 0.3733610552374953,
      "mean_abs_epsilon_precision_ECOLI": 0.3879287385160311,
      "mean_abs_epsilon_precision_HUMAN": 0.38607404989902994,
      "mean_abs_epsilon_precision_YEAST": 0.34608037729742475,
      "CV_median": 0.13721573195499387,
      "CV_q75": 0.22442042152234246,
      "CV_q90": 0.3431534931677265,
      "CV_q95": 0.4366042868424377,
      "roc_auc": 0.8848122353165145,
      "roc_auc_directional": 0.9336816035807739,
      "nr_prec": 61834,
      "nr_prec_HUMAN": 46603,
      "nr_prec_YEAST": 13541,
      "nr_prec_ECOLI": 1690,
      "variance_epsilon_global": 0.5960828082922863
    },
    "4": {
      "median_abs_epsilon_global": 0.14916546768984773,
      "median_abs_epsilon_eq_species": 0.18009488242370372,
      "median_abs_epsilon_ECOLI": 0.23455584717433098,
      "median_abs_epsilon_HUMAN": 0.14383524335412368,
      "median_abs_epsilon_YEAST": 0.16189355674265649,
      "mean_abs_epsilon_global": 0.44481587751455776,
      "mean_abs_epsilon_eq_species": 0.45250702849575003,
      "mean_abs_epsilon_ECOLI": 0.5075024080527214,
      "mean_abs_epsilon_HUMAN": 0.45816028380040774,
      "mean_abs_epsilon_YEAST": 0.39185839363412106,
      "median_log2_empirical_ECOLI": -2.048920014714252,
      "median_log2_empirical_HUMAN": -0.09090942708582439,
      "median_log2_empirical_YEAST": 1.0404714666133028,
      "median_abs_epsilon_precision_global": 0.13270442742589772,
      "median_abs_epsilon_precision_eq_species": 0.17229796166187347,
      "median_abs_epsilon_precision_ECOLI": 0.23693743494109754,
      "median_abs_epsilon_precision_HUMAN": 0.12360669115869172,
      "median_abs_epsilon_precision_YEAST": 0.15634975888583114,
      "mean_log2_empirical_ECOLI": -2.0497537725335175,
      "mean_log2_empirical_HUMAN": -0.1543101814602889,
      "mean_log2_empirical_YEAST": 1.028346259466385,
      "mean_abs_epsilon_precision_global": 0.4351160266325939,
      "mean_abs_epsilon_precision_eq_species": 0.4461124611693789,
      "mean_abs_epsilon_precision_ECOLI": 0.5033520414181317,
      "mean_abs_epsilon_precision_HUMAN": 0.44624122075552736,
      "mean_abs_epsilon_precision_YEAST": 0.3887441213344776,
      "CV_median": 0.13896210935720887,
      "CV_q75": 0.22822618225882196,
      "CV_q90": 0.3498778705702747,
      "CV_q95": 0.4477475272080249,
      "roc_auc": 0.8635086636816414,
      "roc_auc_directional": 0.9209873110653553,
      "nr_prec": 69541,
      "nr_prec_HUMAN": 51758,
      "nr_prec_YEAST": 15612,
      "nr_prec_ECOLI": 2171,
      "variance_epsilon_global": 0.7766024182464264
    },
    "3": {
      "median_abs_epsilon_global": 0.15427980687632115,
      "median_abs_epsilon_eq_species": 0.1861899252351152,
      "median_abs_epsilon_ECOLI": 0.24115249202825595,
      "median_abs_epsilon_HUMAN": 0.14881791823616197,
      "median_abs_epsilon_YEAST": 0.16859936544092768,
      "mean_abs_epsilon_global": 0.4490151705357902,
      "mean_abs_epsilon_eq_species": 0.4571380511025261,
      "mean_abs_epsilon_ECOLI": 0.5117653355813934,
      "mean_abs_epsilon_HUMAN": 0.4618951522770859,
      "mean_abs_epsilon_YEAST": 0.397753665449099,
      "median_log2_empirical_ECOLI": -2.0477957449526087,
      "median_log2_empirical_HUMAN": -0.09135937329381605,
      "median_log2_empirical_YEAST": 1.0389360303100492,
      "median_abs_epsilon_precision_global": 0.1382437995742949,
      "median_abs_epsilon_precision_eq_species": 0.17743955132719394,
      "median_abs_epsilon_precision_ECOLI": 0.2404946542811146,
      "median_abs_epsilon_precision_HUMAN": 0.12884810783214817,
      "median_abs_epsilon_precision_YEAST": 0.16297589186831907,
      "mean_log2_empirical_ECOLI": -2.0426249618899557,
      "mean_log2_empirical_HUMAN": -0.15511813194628238,
      "mean_log2_empirical_YEAST": 1.0245984132603603,
      "mean_abs_epsilon_precision_global": 0.439586448636894,
      "mean_abs_epsilon_precision_eq_species": 0.45107519466727886,
      "mean_abs_epsilon_precision_ECOLI": 0.5079534147369253,
      "mean_abs_epsilon_precision_HUMAN": 0.4502068274122045,