{
  "old_new": "new",
  "id": "DIA-NN_20250610_102642",
  "software_name": "DIA-NN",
  "software_version": "1.9.2",
  "search_engine": "DIA-NN",
  "search_engine_version": "1.9.2",
  "ident_fdr_psm": 0.01,
  "ident_fdr_peptide": NaN,
  "ident_fdr_protein": NaN,
  "enable_match_between_runs": true,
  "precursor_mass_tolerance": "[-9.32611 ppm, 9.32611 ppm]",
  "fragment_mass_tolerance": "[-14.3505 ppm, 14.3505 ppm]",
  "enzyme": "Trypsin/P",
  "allowed_miscleavages": 1,
  "min_peptide_length": 6,
  "max_peptide_length": 30,
  "is_temporary": false,
  "intermediate_hash": "acbc759c3e21125392fa6dfa1d59524c208286f9",
  "results": {
    "6": {
      "median_abs_epsilon_global": 0.1210045322486284,
      "median_abs_epsilon_eq_species": 0.13015418825175237,
      "median_abs_epsilon_ECOLI": 0.14798430073023283,
      "median_abs_epsilon_HUMAN": 0.12018566055245827,
      "median_abs_epsilon_YEAST": 0.12229260347256599,
      "mean_abs_epsilon_global": 0.3357559302886644,
      "mean_abs_epsilon_eq_species": 0.3233204405838154,
      "mean_abs_epsilon_ECOLI": 0.31111495364485486,
      "mean_abs_epsilon_HUMAN": 0.3416719511257334,
      "mean_abs_epsilon_YEAST": 0.317174416980858,
      "median_log2_empirical_ECOLI": -2.0321584027581956,
      "median_log2_empirical_HUMAN": -0.08716388138173059,
      "median_log2_empirical_YEAST": 1.034498725113476,
      "median_abs_epsilon_precision_global": 0.10100491124263478,
      "median_abs_epsilon_precision_eq_species": 0.11988030263406912,
      "median_abs_epsilon_precision_ECOLI": 0.14732821213733516,
      "median_abs_epsilon_precision_HUMAN": 0.09660976166843582,
      "median_abs_epsilon_precision_YEAST": 0.1157029340964364,
      "mean_log2_empirical_ECOLI": -2.0536231869946984,
      "mean_log2_empirical_HUMAN": -0.17665992957202367,
      "mean_log2_empirical_YEAST": 0.9778317374727279,
      "mean_abs_epsilon_precision_global": 0.33539876613532993,
      "mean_abs_epsilon_precision_eq_species": 0.3240814165129972,
      "mean_abs_epsilon_precision_ECOLI": 0.3100052196029831,
      "mean_abs_epsilon_precision_HUMAN": 0.33978491193190186,
      "mean_abs_epsilon_precision_YEAST": 0.32245411800410656,
      "CV_median": 0.1337521322270189,
      "CV_q75": 0.21616150684179425,
      "CV_q90": 0.32709973801960646,
      "CV_q95": 0.412316459085155,
      "roc_auc": 0.8992288927140715,
      "roc_auc_directional": 0.9410598513331667,
      "nr_prec": 53316,
      "nr_prec_HUMAN": 40765,
      "nr_prec_YEAST": 11239,
      "nr_prec_ECOLI": 1312,
      "variance_epsilon_global": 0.4773291192812849
    },
    "5": {
      "median_abs_epsilon_global": 0.13523966921893837,
      "median_abs_epsilon_eq_species": 0.1552483209604366,
      "median_abs_epsilon_ECOLI": 0.19102836461757455,
      "median_abs_epsilon_HUMAN": 0.13212380854417383,
      "median_abs_epsilon_YEAST": 0.14259278971956135,
      "mean_abs_epsilon_global": 0.3879866572834824,
      "mean_abs_epsilon_eq_species": 0.3811621255324987,
      "mean_abs_epsilon_ECOLI": 0.3930948765356124,
      "mean_abs_epsilon_HUMAN": 0.39816937295330457,
      "mean_abs_epsilon_YEAST": 0.3522221271085791,
      "median_log2_empirical_ECOLI": -2.036758789380034,
      "median_log2_empirical_HUMAN": -0.08876330398618393,
      "median_log2_empirical_YEAST": 1.0372103212127524,
      "median_abs_epsilon_precision_global": 0.11723927695059988,
      "median_abs_epsilon_precision_eq_species": 0.14527220872467753,
      "median_abs_epsilon_precision_ECOLI": 0.18837531713202083,
      "median_abs_epsilon_precision_HUMAN": 0.11065301961451368,
      "median_abs_epsilon_precision_YEAST": 0.1367882894274981,
      "mean_log2_empirical_ECOLI": -2.0371706076421208,
      "mean_log2_empirical_HUMAN": -0.1638299257967555,
      "mean_log2_empirical_YEAST": 1.0028979311772415,
      "mean_abs_epsilon_precision_global": 0.38194593196786825,
      "mean_abs_epsilon_precision_eq_species": 0.3775346355843932,
      "mean_abs_epsilon_precision_ECOLI": 0.39047598263629385,
      "mean_abs_epsilon_precision_HUMAN": 0.3903962779004447,
      "mean_abs_epsilon_precision_YEAST": 0.35173164621644104,
      "CV_median": 0.1372736707280231,
      "CV_q75": 0.22483903689081786,
      "CV_q90": 0.3440647262673765,
      "CV_q95": 0.4377509833016938,
      "roc_auc": 0.8815439758328606,
      "roc_auc_directional": 0.9326925961700918,
      "nr_prec": 62522,
      "nr_prec_HUMAN": 47152,
      "nr_prec_YEAST": 13668,
      "nr_prec_ECOLI": 1702,
      "variance_epsilon_global": 0.6146177576290084
    },
    "4": {
      "median_abs_epsilon_global": 0.14991223234330775,
      "median_abs_epsilon_eq_species": 0.18207758639613777,
      "median_abs_epsilon_ECOLI": 0.23821160412714626,
      "median_abs_epsilon_HUMAN": 0.1443401535562998,
      "median_abs_epsilon_YEAST": 0.16368100150496723,
      "mean_abs_epsilon_global": 0.4502648906716558,
      "mean_abs_epsilon_eq_species": 0.4572115598391058,
      "mean_abs_epsilon_ECOLI": 0.5109167502729144,
      "mean_abs_epsilon_HUMAN": 0.4637719555541799,
      "mean_abs_epsilon_YEAST": 0.39694597369022305,
      "median_log2_empirical_ECOLI": -2.048824072970767,
      "median_log2_empirical_HUMAN": -0.0903738780914658,
      "median_log2_empirical_YEAST": 1.0389700897472398,
      "median_abs_epsilon_precision_global": 0.13340068434056462,
      "median_abs_epsilon_precision_eq_species": 0.17391965658643826,
      "median_abs_epsilon_precision_ECOLI": 0.2395685218150625,
      "median_abs_epsilon_precision_HUMAN": 0.12421764489262443,
      "median_abs_epsilon_precision_YEAST": 0.15797280305162786,
      "mean_log2_empirical_ECOLI": -2.047872450580544,
      "mean_log2_empirical_HUMAN": -0.14877979109357384,
      "mean_log2_empirical_YEAST": 1.0254784129713839,
      "mean_abs_epsilon_precision_global": 0.43984978102752775,
      "mean_abs_epsilon_precision_eq_species": 0.45058596223030173,
      "mean_abs_epsilon_precision_ECOLI": 0.5068179762693935,
      "mean_abs_epsilon_precision_HUMAN": 0.4508058346633938,
      "mean_abs_epsilon_precision_YEAST": 0.3941340757581179,
      "CV_median": 0.1390473192534637,
      "CV_q75": 0.2286865765405226,
      "CV_q90": 0.3508373860173162,
      "CV_q95": 0.4487617827350826,
      "roc_auc": 0.860457493505784,
      "roc_auc_directional": 0.9197994207713629,
      "nr_prec": 70283,
      "nr_prec_HUMAN": 52349,
      "nr_prec_YEAST": 15748,
      "nr_prec_ECOLI": 2186,
      "variance_epsilon_global": 0.7970348982506317
    },
    "3": {
      "median_abs_epsilon_global": 0.15500470132381494,
      "median_abs_epsilon_eq_species": 0.1878246712846489,
      "median_abs_epsilon_ECOLI": 0.24400750818301198,
      "median_abs_epsilon_HUMAN": 0.14941156731755534,
      "median_abs_epsilon_YEAST": 0.17005493835337937,
      "mean_abs_epsilon_global": 0.45421203162491774,
      "mean_abs_epsilon_eq_species": 0.461659141738649,
      "mean_abs_epsilon_ECOLI": 0.5151045992007128,
      "mean_abs_epsilon_HUMAN": 0.4672292908288305,
      "mean_abs_epsilon_YEAST": 0.4026435351864036,
      "median_log2_empirical_ECOLI": -2.0477909698857424,
      "median_log2_empirical_HUMAN": -0.09075842602829631,
      "median_log2_empirical_YEAST": 1.037475800706213,
      "median_abs_epsilon_precision_global": 0.13923303922472918,
      "median_abs_epsilon_precision_eq_species": 0.1787184253193299,
      "median_abs_epsilon_precision_ECOLI": 0.2419537362591786,
      "median_abs_epsilon_precision_HUMAN": 0.1294905779625264,
      "median_abs_epsilon_precision_YEAST": 0.16471096173628474,
      "mean_log2_empirical_ECOLI": -2.0408173636816764,
      "mean_log2_empirical_HUMAN": -0.14983249159773543,
      "mean_log2_empirical_YEAST": 1.0217729807150946,
      "mean_abs_epsilon_precision_global": 0.4441258668314716,
      "mean_abs_epsilon_precision_eq_species": 0.45540288623132524,
      "mean_abs_epsilon_precision_ECOLI": 0.511381734442272,
      "mean_abs_epsilon_precision_HUMAN": 0.454572163689909,