{
    "id": "DIA-NN_20241216_121735",
    "software_name": "DIA-NN",
    "software_version": "1.9.2",
    "search_engine_version": "1.9.2",
    "search_engine": "DIA-NN",
    "ident_fdr_psm": null,
    "ident_fdr_peptide": 0.01,
    "ident_fdr_protein": 0.01,
    "enable_match_between_runs": 1.0,
    "precursor_mass_tolerance": "[-14.3505 ppm, 14.3505 ppm]",
    "precursor_mass_tolerance_unit": null,
    "fragment_mass_tolerance": "[-14.3505 ppm, 14.3505 ppm]",
    "fragment_mass_tolerance_unit": null,
    "enzyme": "Trypsin/P",
    "allowed_miscleavages": 1,
    "min_peptide_length": 6,
    "max_peptide_length": 30,
    "intermediate_hash": "acbc759c3e21125392fa6dfa1d59524c208286f9",
    "fixed_mods": "unimod4",
    "variable_mods": "UniMod:35/15.994915/M,UniMod:1/42.010565/*n",
    "max_mods": 1,
    "min_precursor_charge": 1.0,
    "max_precursor_charge": 4.0,
    "median_abs_epsilon": 0.1566303822,
    "nr_prec": 89396,
    "is_temporary": false,
    "old_new": "old",
    "results": {
        "6": {
            "median_abs_epsilon": 0.111916705,
            "mean_abs_epsilon": 0.3305262845,
            "variance_epsilon": 0.4785491531,
            "nr_prec": 53316,
            "CV_median": 0.3208320586,
            "CV_q90": 0.5162857114,
            "CV_q75": 0.4031632166,
            "CV_q95": 0.6009376418
        },
        "5": {
            "median_abs_epsilon": 0.1310968443,
            "mean_abs_epsilon": 0.38922332,
            "variance_epsilon": 0.6147005776,
            "nr_prec": 62522,
            "CV_median": 0.3239698614,
            "CV_q90": 0.5403812,
            "CV_q75": 0.4138846022,
            "CV_q95": 0.6350377121
        },
        "4": {
            "median_abs_epsilon": 0.1497685935,
            "mean_abs_epsilon": 0.451611545,
            "variance_epsilon": 0.7739414979,
            "nr_prec": 70283,
            "CV_median": 0.3249378317,
            "CV_q90": 0.5499168209,
            "CV_q75": 0.4179953066,
            "CV_q95": 0.648124716
        },
        "3": {
            "median_abs_epsilon": 0.1566303822,
            "mean_abs_epsilon": 0.4597113494,
            "variance_epsilon": 0.7727750126,
            "nr_prec": 89396,
            "CV_median": 0.328513422,
            "CV_q90": 0.5544083185,
            "CV_q75": 0.4226825896,
            "CV_q95": 0.6541777829
        },
        "2": {
            "median_abs_epsilon": 0.1593043997,
            "mean_abs_epsilon": 0.4621546693,
            "variance_epsilon": 0.7720286704,
            "nr_prec": 94845,
            "CV_median": 0.3284990662,
            "CV_q90": 0.5580767762,
            "CV_q75": 0.4241175885,
            "CV_q95": 0.6601298308
        },
        "1": {
            "median_abs_epsilon": 0.1593043997,
            "mean_abs_epsilon": 0.4621546693,
            "variance_epsilon": 0.7720286704,
            "nr_prec": 97072,
            "CV_median": 0.3284990662,
            "CV_q90": 0.5580767762,
            "CV_q75": 0.4241175885,
            "CV_q95": 0.6601298308
        }
    },
    "weighted_sum": null,
    "color": "#8c564b",
    "hover_text": "ProteoBench ID: DIA-NN_20241216_121735<br>Software tool: DIA-NN <br>Comment (private submission): ",
    "scatter_size": 20.0,
    "comments": "",
    "proteobench_version": "0.5.8",
    "scan_window": 13,
    "quantification_method_DIANN": null,
    "second_pass": false,
    "protein_inference": null,
    "predictors_library": {
        "RT": "DIANN",
        "IM": "DIANN",
        "MS2_int": "DIANN"
    },
    "submission_comments": "\n\nDataset URL: https://proteobench.cubimed.rub.de/datasets/acbc759c3e21125392fa6dfa1d59524c208286f9/",
    "quantification_method": "Legacy",
    "mean_abs_epsilon": 0.4597113494,
    "abundance_normalization_ions": null
}