{
  "old_new": "new",
  "id": "DIA-NN_20250610_102642",
  "software_name": "DIA-NN",
  "software_version": "1.9.2",
  "search_engine": "DIA-NN",
  "search_engine_version": "1.9.2",
  "ident_fdr_psm": "0.01",
  "ident_fdr_peptide": NaN,
  "ident_fdr_protein": NaN,
  "enable_match_between_runs": true,
  "precursor_mass_tolerance": "[-9.32611 ppm, 9.32611 ppm]",
  "fragment_mass_tolerance": "[-14.3505 ppm, 14.3505 ppm]",
  "enzyme": "Trypsin/P",
  "allowed_miscleavages": "1",
  "min_peptide_length": "6",
  "max_peptide_length": "30",
  "is_temporary": false,
  "intermediate_hash": "acbc759c3e21125392fa6dfa1d59524c208286f9",
  "results": {
    "6": {
      "median_abs_epsilon": 0.11191670498994277,
      "mean_abs_epsilon": 0.33052628447464577,
      "variance_epsilon": 0.47854915308152807,
      "nr_prec": 53316,
      "CV_median": 0.32083205858695624,
      "CV_q90": 0.5162857114142558,
      "CV_q75": 0.4031632166320094,
      "CV_q95": 0.6009376418094681
    },
    "5": {
      "median_abs_epsilon": 0.13109684431247182,
      "mean_abs_epsilon": 0.38922332001510124,
      "variance_epsilon": 0.6147005775939806,
      "nr_prec": 62522,
      "CV_median": 0.3239698613708991,
      "CV_q90": 0.5403811999559667,
      "CV_q75": 0.41388460219307355,
      "CV_q95": 0.6350377120758028
    },
    "4": {
      "median_abs_epsilon": 0.14976859349496863,
      "mean_abs_epsilon": 0.4516115450251857,
      "variance_epsilon": 0.773941497944977,
      "nr_prec": 70283,
      "CV_median": 0.3249378316587277,
      "CV_q90": 0.5499168209216272,
      "CV_q75": 0.4179953065781569,
      "CV_q95": 0.6481247159844108
    },
    "3": {
      "median_abs_epsilon": 0.1566303822141304,
      "mean_abs_epsilon": 0.4597113493664277,
      "variance_epsilon": 0.7727750125959431,
      "nr_prec": 89396,
      "CV_median": 0.3285134220389022,
      "CV_q90": 0.5544083184544566,
      "CV_q75": 0.4226825895825149,
      "CV_q95": 0.6541777828933494
    },
    "2": {
      "median_abs_epsilon": 0.15930439966643917,
      "mean_abs_epsilon": 0.4621546692835974,
      "variance_epsilon": 0.7720286704449878,
      "nr_prec": 94845,
      "CV_median": 0.32849906623865743,
      "CV_q90": 0.5580767761703556,
      "CV_q75": 0.42411758854997716,
      "CV_q95": 0.6601298307815615
    },
    "1": {
      "median_abs_epsilon": 0.15930439966643917,
      "mean_abs_epsilon": 0.4621546692835974,
      "variance_epsilon": 0.772028670444988,
      "nr_prec": 97072,
      "CV_median": 0.32849906623865743,
      "CV_q90": 0.5580767761703556,
      "CV_q75": 0.42411758854997716,
      "CV_q95": 0.6601298307815615
    }
  },
  "median_abs_epsilon": 0.1566303822141304,
  "mean_abs_epsilon": 0.4597113493664277,
  "nr_prec": 89396,
  "comments": "",
  "proteobench_version": "0.8.22",
  "color": "#8c564b",
  "hover_text": "ProteoBench ID: DIA-NN_20250610_102642<br>Software tool: DIA-NN <br>Comment (private submission): ...",
  "scatter_size": 20,
  "fixed_mods": "unimod4",
  "variable_mods": "UniMod:35/15.994915/M,UniMod:1/42.010565/*n",
  "max_mods": "1",
  "min_precursor_charge": "1",
  "max_precursor_charge": "4",
  "quantification_method": "Legacy",
  "protein_inference": "Genes",
  "abundance_normalization_ions": null,
  "submission_comments": "\n\n ### Parameter changes detected:\n- **ident_fdr_protein**: `None` \u2192 `nan`\n- **ident_fdr_peptide**: `None` \u2192 `nan`\n\nDataset URL: https://proteobench.cubimed.rub.de/datasets/acbc759c3e21125392fa6dfa1d59524c208286f9/"
}