{
  "old_new": "new",
  "id": "DIA-NN_20250610_100637",
  "software_name": "DIA-NN",
  "software_version": "1.7.16",
  "search_engine": "DIA-NN",
  "search_engine_version": "1.7.16",
  "ident_fdr_psm": "0.01",
  "ident_fdr_peptide": NaN,
  "ident_fdr_protein": NaN,
  "enable_match_between_runs": true,
  "precursor_mass_tolerance": "[-10.8807 ppm, 10.8807 ppm]",
  "fragment_mass_tolerance": "[-17.9612 ppm, 17.9612 ppm]",
  "enzyme": "Trypsin/P",
  "allowed_miscleavages": "1",
  "min_peptide_length": "6",
  "max_peptide_length": "30",
  "is_temporary": false,
  "intermediate_hash": "b5e94b673082b8dda1b0150cf506142a993c8e29",
  "results": {
    "6": {
      "median_abs_epsilon": 0.18648117715995483,
      "mean_abs_epsilon": 0.524320558708709,
      "variance_epsilon": 0.9701333601234396,
      "nr_prec": 61470,
      "CV_median": 0.3541677277176967,
      "CV_q90": 0.6598332243414102,
      "CV_q75": 0.4895170490934371,
      "CV_q95": 0.7712069208144949
    },
    "5": {
      "median_abs_epsilon": 0.22584942191049606,
      "mean_abs_epsilon": 0.6236303612396683,
      "variance_epsilon": 1.3073437420913048,
      "nr_prec": 70490,
      "CV_median": 0.3612705945252184,
      "CV_q90": 0.696749062694233,
      "CV_q75": 0.5116401433726636,
      "CV_q95": 0.8195182046305873
    },
    "4": {
      "median_abs_epsilon": 0.2697300506873965,
      "mean_abs_epsilon": 0.7436842513920237,
      "variance_epsilon": 1.785476270900803,
      "nr_prec": 78671,
      "CV_median": 0.36402583203689776,
      "CV_q90": 0.7095198282392726,
      "CV_q75": 0.5193250422026783,
      "CV_q95": 0.8385415636618809
    },
    "3": {
      "median_abs_epsilon": 0.2790424896961987,
      "mean_abs_epsilon": 0.7535217873972,
      "variance_epsilon": 1.7984751893299333,
      "nr_prec": 94926,
      "CV_median": 0.36906208886383784,
      "CV_q90": 0.719926830312717,
      "CV_q75": 0.5279616690040936,
      "CV_q95": 0.8508151065231616
    },
    "2": {
      "median_abs_epsilon": 0.28281826092098505,
      "mean_abs_epsilon": 0.7557937144428263,
      "variance_epsilon": 1.7982654805008447,
      "nr_prec": 98204,
      "CV_median": 0.3693811502318154,
      "CV_q90": 0.7234186930060603,
      "CV_q75": 0.529753290368924,
      "CV_q95": 0.8560373823948882
    },
    "1": {
      "median_abs_epsilon": 0.28281826092098505,
      "mean_abs_epsilon": 0.7557937144428263,
      "variance_epsilon": 1.7982654805008447,
      "nr_prec": 99362,
      "CV_median": 0.3693811502318154,
      "CV_q90": 0.7234186930060603,
      "CV_q75": 0.529753290368924,
      "CV_q95": 0.8560373823948882
    }
  },
  "median_abs_epsilon": 0.2790424896961987,
  "mean_abs_epsilon": 0.7535217873972,
  "nr_prec": 94926,
  "comments": "",
  "proteobench_version": "0.8.22",
  "color": "#8c564b",
  "hover_text": "ProteoBench ID: DIA-NN_20250610_100637<br>Software tool: DIA-NN <br>Comment (private submission): ...",
  "scatter_size": 20,
  "fixed_mods": "Carbamidomethyl (C)",
  "variable_mods": "Oxidation (M)",
  "max_mods": "1",
  "min_precursor_charge": NaN,
  "max_precursor_charge": NaN,
  "quantification_method": "QuantUMS high-precision",
  "protein_inference": "Genes",
  "abundance_normalization_ions": null,
  "submission_comments": "\n\n ### Parameter changes detected:\n- **ident_fdr_protein**: `None` \u2192 `nan`\n- **ident_fdr_peptide**: `None` \u2192 `nan`\n- **min_precursor_charge**: `None` \u2192 `nan`\n- **max_precursor_charge**: `None` \u2192 `nan`\n\nDataset URL: https://proteobench.cubimed.rub.de/datasets/b5e94b673082b8dda1b0150cf506142a993c8e29/"
}