{
  "old_new": "new",
  "id": "DIA-NN_20250610_100637",
  "software_name": "DIA-NN",
  "software_version": "1.7.16",
  "search_engine": "DIA-NN",
  "search_engine_version": "1.7.16",
  "ident_fdr_psm": 0.01,
  "ident_fdr_peptide": NaN,
  "ident_fdr_protein": NaN,
  "enable_match_between_runs": true,
  "precursor_mass_tolerance": "[-10.8807 ppm, 10.8807 ppm]",
  "fragment_mass_tolerance": "[-17.9612 ppm, 17.9612 ppm]",
  "enzyme": "Trypsin/P",
  "allowed_miscleavages": 1,
  "min_peptide_length": 6,
  "max_peptide_length": 30,
  "is_temporary": false,
  "intermediate_hash": "b5e94b673082b8dda1b0150cf506142a993c8e29",
  "results": {
    "6": {
      "median_abs_epsilon_global": 0.19063012126260226,
      "median_abs_epsilon_eq_species": 0.24048244094949625,
      "median_abs_epsilon_ECOLI": 0.3072379979629183,
      "median_abs_epsilon_HUMAN": 0.1781805668938965,
      "median_abs_epsilon_YEAST": 0.236028757991674,
      "mean_abs_epsilon_global": 0.5232199879528586,
      "mean_abs_epsilon_eq_species": 0.5603493408032529,
      "mean_abs_epsilon_ECOLI": 0.6402112003639896,
      "mean_abs_epsilon_HUMAN": 0.5195760894458636,
      "mean_abs_epsilon_YEAST": 0.5212607325999057,
      "median_log2_empirical_ECOLI": -2.179002648892526,
      "median_log2_empirical_HUMAN": -0.09260130182857473,
      "median_log2_empirical_YEAST": 1.1092351263886595,
      "median_abs_epsilon_precision_global": 0.17715176782873776,
      "median_abs_epsilon_precision_eq_species": 0.21817561776295413,
      "median_abs_epsilon_precision_ECOLI": 0.28059911628811385,
      "median_abs_epsilon_precision_HUMAN": 0.1649417353209781,
      "median_abs_epsilon_precision_YEAST": 0.20898600167977044,
      "mean_log2_empirical_ECOLI": -2.269301194943369,
      "mean_log2_empirical_HUMAN": -0.20339790790926676,
      "mean_log2_empirical_YEAST": 1.1435020753845289,
      "mean_abs_epsilon_precision_global": 0.5199931726521194,
      "mean_abs_epsilon_precision_eq_species": 0.5453885813196531,
      "mean_abs_epsilon_precision_ECOLI": 0.6119780665214963,
      "mean_abs_epsilon_precision_HUMAN": 0.5216511159231214,
      "mean_abs_epsilon_precision_YEAST": 0.5025365615143416,
      "CV_median": 0.18617004739557053,
      "CV_q75": 0.3262659586192762,
      "CV_q90": 0.511272401784747,
      "CV_q95": 0.6346318067680585,
      "roc_auc": 0.8671151825023427,
      "roc_auc_directional": 0.9157462164148766,
      "nr_prec": 61030,
      "nr_prec_HUMAN": 46232,
      "nr_prec_YEAST": 13138,
      "nr_prec_ECOLI": 1660,
      "variance_epsilon_global": 0.9554921153343421
    },
    "5": {
      "median_abs_epsilon_global": 0.22667170650968416,
      "median_abs_epsilon_eq_species": 0.30509594663869893,
      "median_abs_epsilon_ECOLI": 0.42185713794906476,
      "median_abs_epsilon_HUMAN": 0.2073517915713019,
      "median_abs_epsilon_YEAST": 0.2860789103957302,
      "mean_abs_epsilon_global": 0.621328520291095,
      "mean_abs_epsilon_eq_species": 0.6626219560931983,
      "mean_abs_epsilon_ECOLI": 0.7780565691754219,
      "mean_abs_epsilon_HUMAN": 0.6260268722464057,
      "mean_abs_epsilon_YEAST": 0.5837824268577674,
      "median_log2_empirical_ECOLI": -2.239716030494222,
      "median_log2_empirical_HUMAN": -0.09492730459924559,
      "median_log2_empirical_YEAST": 1.1226278410525463,
      "median_abs_epsilon_precision_global": 0.21137890291290695,
      "median_abs_epsilon_precision_eq_species": 0.26803300952391257,
      "median_abs_epsilon_precision_ECOLI": 0.360816066025647,
      "median_abs_epsilon_precision_HUMAN": 0.19378683278456776,
      "median_abs_epsilon_precision_YEAST": 0.24949612976152302,
      "mean_log2_empirical_ECOLI": -2.297001373579925,
      "mean_log2_empirical_HUMAN": -0.1828949195669708,
      "mean_log2_empirical_YEAST": 1.184247082013706,
      "mean_abs_epsilon_precision_global": 0.6119667925863866,
      "mean_abs_epsilon_precision_eq_species": 0.6400645407994596,
      "mean_abs_epsilon_precision_ECOLI": 0.7336505461546942,
      "mean_abs_epsilon_precision_HUMAN": 0.6206785907450565,
      "mean_abs_epsilon_precision_YEAST": 0.5658644854986283,
      "CV_median": 0.1964979153622019,
      "CV_q75": 0.3510265494045679,
      "CV_q90": 0.5530018845637864,
      "CV_q95": 0.6828168474883893,
      "roc_auc": 0.8379292964049191,
      "roc_auc_directional": 0.9019266894944276,
      "nr_prec": 70001,
      "nr_prec_HUMAN": 52227,
      "nr_prec_YEAST": 15602,
      "nr_prec_ECOLI": 2172,
      "variance_epsilon_global": 1.300692421195693
    },
    "4": {
      "median_abs_epsilon_global": 0.26680135690612516,
      "median_abs_epsilon_eq_species": 0.3721828052012768,
      "median_abs_epsilon_ECOLI": 0.5408702689519167,
      "median_abs_epsilon_HUMAN": 0.2412927828614766,
      "median_abs_epsilon_YEAST": 0.33438536379043704,
      "mean_abs_epsilon_global": 0.7491635926051843,
      "mean_abs_epsilon_eq_species": 0.7868137158719296,
      "mean_abs_epsilon_ECOLI": 0.9232555227322656,
      "mean_abs_epsilon_HUMAN": 0.7640029186579921,
      "mean_abs_epsilon_YEAST": 0.6731827062255312,
      "median_log2_empirical_ECOLI": -2.2949334626603193,
      "median_log2_empirical_HUMAN": -0.09329250999529748,
      "median_log2_empirical_YEAST": 1.1390620624455519,
      "median_abs_epsilon_precision_global": 0.24967243452362275,
      "median_abs_epsilon_precision_eq_species": 0.3196786210189189,
      "median_abs_epsilon_precision_ECOLI": 0.44440012920774663,
      "median_abs_epsilon_precision_HUMAN": 0.22542473756498183,
      "median_abs_epsilon_precision_YEAST": 0.28921099628402835,
      "mean_log2_empirical_ECOLI": -2.3179147073431117,
      "mean_log2_empirical_HUMAN": -0.11217334520567226,
      "mean_log2_empirical_YEAST": 1.2538531530172659,
      "mean_abs_epsilon_precision_global": 0.7333392687002467,
      "mean_abs_epsilon_precision_eq_species": 0.7601643718104166,
      "mean_abs_epsilon_precision_ECOLI": 0.8707072990525072,
      "mean_abs_epsilon_precision_HUMAN": 0.74888812389511,
      "mean_abs_epsilon_precision_YEAST": 0.6608976924836324,
      "CV_median": 0.200768251855577,
      "CV_q75": 0.36058929960305997,
      "CV_q90": 0.5676194228698369,
      "CV_q95": 0.6998161949430954,
      "roc_auc": 0.8057719025888589,
      "roc_auc_directional": 0.8826579301963804,
      "nr_prec": 78138,
      "nr_prec_HUMAN": 57606,
      "nr_prec_YEAST": 17712,
      "nr_prec_ECOLI": 2820,
      "variance_epsilon_global": 1.8392278975685694
    },
    "3": {
      "median_abs_epsilon_global": 0.2748015194321791,
      "median_abs_epsilon_eq_species": 0.3829501125137238,
      "median_abs_epsilon_ECOLI": 0.5542502866052157,
      "median_abs_epsilon_HUMAN": 0.24881220650191693,
      "median_abs_epsilon_YEAST": 0.34578784443403876,
      "mean_abs_epsilon_global": 0.7574267510527758,
      "mean_abs_epsilon_eq_species": 0.7967592955982367,
      "mean_abs_epsilon_ECOLI": 0.9359145749674201,
      "mean_abs_epsilon_HUMAN": 0.7719320185050055,
      "mean_abs_epsilon_YEAST": 0.682431293322284,
      "median_log2_empirical_ECOLI": -2.286852551568268,
      "median_log2_empirical_HUMAN": -0.09346443122978698,
      "median_log2_empirical_YEAST": 1.1375928834597389,
      "median_abs_epsilon_precision_global": 0.25836794312142963,
      "median_abs_epsilon_precision_eq_species": 0.32912811268567604,
      "median_abs_epsilon_precision_ECOLI": 0.45516472693719656,
      "median_abs_epsilon_precision_HUMAN": 0.2327534171989427,
      "median_abs_epsilon_precision_YEAST": 0.2994661939208889,
      "mean_log2_empirical_ECOLI": -2.2996952465091796,
      "mean_log2_empirical_HUMAN": -0.11541853261279703,
      "mean_log2_empirical_YEAST": 1.2460927819329006,
      "mean_abs_epsilon_precision_global": 0.7418734717799245,
      "mean_abs_epsilon_precision_eq_species": 0.7709106942607168,
      "mean_abs_epsilon_precision_ECOLI": 0.8858623707454858,
      "mean_abs_epsilon_precision_HUMAN": 0.7572001220760038,