{
    "id": "DIA-NN_20241216_131303",
    "software_name": "DIA-NN",
    "software_version": "1.7.16",
    "search_engine_version": "1.7.16",
    "search_engine": "DIA-NN",
    "ident_fdr_psm": null,
    "ident_fdr_peptide": 0.01,
    "ident_fdr_protein": 0.01,
    "enable_match_between_runs": 1.0,
    "precursor_mass_tolerance": "[-17.9612 ppm, 17.9612 ppm]",
    "precursor_mass_tolerance_unit": null,
    "fragment_mass_tolerance": "[-17.9612 ppm, 17.9612 ppm]",
    "fragment_mass_tolerance_unit": null,
    "enzyme": "Trypsin/P",
    "allowed_miscleavages": 1,
    "min_peptide_length": 6,
    "max_peptide_length": 30,
    "intermediate_hash": "b5e94b673082b8dda1b0150cf506142a993c8e29",
    "fixed_mods": "Carbamidomethyl (C)",
    "variable_mods": "Oxidation (M)",
    "max_mods": 1,
    "min_precursor_charge": null,
    "max_precursor_charge": null,
    "median_abs_epsilon": 0.2790424897,
    "nr_prec": 94926,
    "is_temporary": false,
    "old_new": "old",
    "results": {
        "6": {
            "median_abs_epsilon": 0.1864811772,
            "mean_abs_epsilon": 0.5243205587,
            "variance_epsilon": 0.9701333601,
            "nr_prec": 61470,
            "CV_median": 0.3541677277,
            "CV_q90": 0.6598332243,
            "CV_q75": 0.4895170491,
            "CV_q95": 0.7712069208
        },
        "5": {
            "median_abs_epsilon": 0.2258494219,
            "mean_abs_epsilon": 0.6236303612,
            "variance_epsilon": 1.3073437421,
            "nr_prec": 70490,
            "CV_median": 0.3612705945,
            "CV_q90": 0.6967490627,
            "CV_q75": 0.5116401434,
            "CV_q95": 0.8195182046
        },
        "4": {
            "median_abs_epsilon": 0.2697300507,
            "mean_abs_epsilon": 0.7436842514,
            "variance_epsilon": 1.7854762709,
            "nr_prec": 78671,
            "CV_median": 0.364025832,
            "CV_q90": 0.7095198282,
            "CV_q75": 0.5193250422,
            "CV_q95": 0.8385415637
        },
        "3": {
            "median_abs_epsilon": 0.2790424897,
            "mean_abs_epsilon": 0.7535217874,
            "variance_epsilon": 1.7984751893,
            "nr_prec": 94926,
            "CV_median": 0.3690620889,
            "CV_q90": 0.7199268303,
            "CV_q75": 0.527961669,
            "CV_q95": 0.8508151065
        },
        "2": {
            "median_abs_epsilon": 0.2828182609,
            "mean_abs_epsilon": 0.7557937144,
            "variance_epsilon": 1.7982654805,
            "nr_prec": 98204,
            "CV_median": 0.3693811502,
            "CV_q90": 0.723418693,
            "CV_q75": 0.5297532904,
            "CV_q95": 0.8560373824
        },
        "1": {
            "median_abs_epsilon": 0.2828182609,
            "mean_abs_epsilon": 0.7557937144,
            "variance_epsilon": 1.7982654805,
            "nr_prec": 99362,
            "CV_median": 0.3693811502,
            "CV_q90": 0.723418693,
            "CV_q75": 0.5297532904,
            "CV_q95": 0.8560373824
        }
    },
    "weighted_sum": null,
    "color": "#8c564b",
    "hover_text": "ProteoBench ID: DIA-NN_20241216_131303<br>Software tool: DIA-NN <br>Comment (private submission): ",
    "scatter_size": 20.0,
    "comments": "",
    "proteobench_version": "0.5.9",
    "scan_window": 10,
    "quantification_method_DIANN": null,
    "second_pass": false,
    "protein_inference": null,
    "predictors_library": {
        "RT": "DIANN",
        "IM": "DIANN",
        "MS2_int": "DIANN"
    },
    "submission_comments": "\n\nDataset URL: https://proteobench.cubimed.rub.de/datasets/b5e94b673082b8dda1b0150cf506142a993c8e29/",
    "quantification_method": "QuantUMS high-precision",
    "mean_abs_epsilon": 0.7535217874,
    "abundance_normalization_ions": null
}