{
  "old_new": "new",
  "id": "DIA-NN_20250610_100637",
  "software_name": "DIA-NN",
  "software_version": "1.7.16",
  "search_engine": "DIA-NN",
  "search_engine_version": "1.7.16",
  "ident_fdr_psm": 0.01,
  "ident_fdr_peptide": NaN,
  "ident_fdr_protein": NaN,
  "enable_match_between_runs": true,
  "precursor_mass_tolerance": "[-10.8807 ppm, 10.8807 ppm]",
  "fragment_mass_tolerance": "[-17.9612 ppm, 17.9612 ppm]",
  "enzyme": "Trypsin/P",
  "allowed_miscleavages": 1,
  "min_peptide_length": 6,
  "max_peptide_length": 30,
  "is_temporary": false,
  "intermediate_hash": "b5e94b673082b8dda1b0150cf506142a993c8e29",
  "results": {
    "6": {
      "median_abs_epsilon_global": 0.19062097741721473,
      "median_abs_epsilon_eq_species": 0.2412643848576496,
      "median_abs_epsilon_ECOLI": 0.30959408113238496,
      "median_abs_epsilon_HUMAN": 0.17817031544888806,
      "median_abs_epsilon_YEAST": 0.23602875799167577,
      "mean_abs_epsilon_global": 0.5263360282772488,
      "mean_abs_epsilon_eq_species": 0.5619880766870262,
      "mean_abs_epsilon_ECOLI": 0.6407630978270681,
      "mean_abs_epsilon_HUMAN": 0.5235755629397747,
      "mean_abs_epsilon_YEAST": 0.5216255692942358,
      "median_log2_empirical_ECOLI": -2.179601745000184,
      "median_log2_empirical_HUMAN": -0.09254766260396963,
      "median_log2_empirical_YEAST": 1.1090761386737178,
      "median_abs_epsilon_precision_global": 0.1772104461546835,
      "median_abs_epsilon_precision_eq_species": 0.2190249056849695,
      "median_abs_epsilon_precision_ECOLI": 0.28287618481118315,
      "median_abs_epsilon_precision_HUMAN": 0.16514805221614637,
      "median_abs_epsilon_precision_YEAST": 0.20905048002757898,
      "mean_log2_empirical_ECOLI": -2.269870894535155,
      "mean_log2_empirical_HUMAN": -0.2003274323640399,
      "mean_log2_empirical_YEAST": 1.1433184256513884,
      "mean_abs_epsilon_precision_global": 0.5224518909384522,
      "mean_abs_epsilon_precision_eq_species": 0.5466543884463685,
      "mean_abs_epsilon_precision_ECOLI": 0.6122335600700183,
      "mean_abs_epsilon_precision_HUMAN": 0.5247333351294308,
      "mean_abs_epsilon_precision_YEAST": 0.5029962701396564,
      "CV_median": 0.1861009394150695,
      "CV_q75": 0.32630350799534424,
      "CV_q90": 0.5113995816671741,
      "CV_q95": 0.6350247213327409,
      "roc_auc": 0.8658357758742398,
      "roc_auc_directional": 0.9153871411521555,
      "nr_prec": 61470,
      "nr_prec_HUMAN": 46641,
      "nr_prec_YEAST": 13162,
      "nr_prec_ECOLI": 1667,
      "variance_epsilon_global": 0.9694794454574226
    },
    "5": {
      "median_abs_epsilon_global": 0.22673321089169107,
      "median_abs_epsilon_eq_species": 0.3057590755153523,
      "median_abs_epsilon_ECOLI": 0.4237536922251266,
      "median_abs_epsilon_HUMAN": 0.20744462392520013,
      "median_abs_epsilon_YEAST": 0.2860789103957302,
      "mean_abs_epsilon_global": 0.6245772818339803,
      "mean_abs_epsilon_eq_species": 0.6642791180985445,
      "mean_abs_epsilon_ECOLI": 0.7786027204132568,
      "mean_abs_epsilon_HUMAN": 0.630240927112374,
      "mean_abs_epsilon_YEAST": 0.5839937067700023,
      "median_log2_empirical_ECOLI": -2.241619064041023,
      "median_log2_empirical_HUMAN": -0.09476414893240381,
      "median_log2_empirical_YEAST": 1.1222456140717565,
      "median_abs_epsilon_precision_global": 0.21145934286022694,
      "median_abs_epsilon_precision_eq_species": 0.26848779325724753,
      "median_abs_epsilon_precision_ECOLI": 0.3620397002296709,
      "median_abs_epsilon_precision_HUMAN": 0.19401739866635204,
      "median_abs_epsilon_precision_YEAST": 0.2494062808757196,
      "mean_log2_empirical_ECOLI": -2.298135482467014,
      "mean_log2_empirical_HUMAN": -0.1791996459735648,
      "mean_log2_empirical_YEAST": 1.184029810930467,
      "mean_abs_epsilon_precision_global": 0.6146456248653667,
      "mean_abs_epsilon_precision_eq_species": 0.6413807931132981,
      "mean_abs_epsilon_precision_ECOLI": 0.7338833694397503,
      "mean_abs_epsilon_precision_HUMAN": 0.624089725907534,
      "mean_abs_epsilon_precision_YEAST": 0.5661692839926101,
      "CV_median": 0.1964666737907425,
      "CV_q75": 0.35111340030421995,
      "CV_q90": 0.5531904168228879,
      "CV_q95": 0.6831675085500175,
      "roc_auc": 0.8367076932204458,
      "roc_auc_directional": 0.9015502642892317,
      "nr_prec": 70490,
      "nr_prec_HUMAN": 52684,
      "nr_prec_YEAST": 15626,
      "nr_prec_ECOLI": 2180,
      "variance_epsilon_global": 1.316373052280913
    },
    "4": {
      "median_abs_epsilon_global": 0.2668985887591404,
      "median_abs_epsilon_eq_species": 0.3731416033488924,
      "median_abs_epsilon_ECOLI": 0.5437841937733605,
      "median_abs_epsilon_HUMAN": 0.24152494554586035,
      "median_abs_epsilon_YEAST": 0.3341156707274564,
      "mean_abs_epsilon_global": 0.7522384929668102,
      "mean_abs_epsilon_eq_species": 0.7882804825302809,
      "mean_abs_epsilon_ECOLI": 0.9234995390766897,
      "mean_abs_epsilon_HUMAN": 0.7679730808157493,
      "mean_abs_epsilon_YEAST": 0.673368827698404,
      "median_log2_empirical_ECOLI": -2.296597027879704,
      "median_log2_empirical_HUMAN": -0.09313072630826369,
      "median_log2_empirical_YEAST": 1.13876985241604,
      "median_abs_epsilon_precision_global": 0.25000564299835304,
      "median_abs_epsilon_precision_eq_species": 0.3200954418844182,
      "median_abs_epsilon_precision_ECOLI": 0.445526627985414,
      "median_abs_epsilon_precision_HUMAN": 0.22576682892829947,
      "median_abs_epsilon_precision_YEAST": 0.2889928687395411,
      "mean_log2_empirical_ECOLI": -2.318767056494335,
      "mean_log2_empirical_HUMAN": -0.10837407986157638,
      "mean_log2_empirical_YEAST": 1.2537121533703703,
      "mean_abs_epsilon_precision_global": 0.7363152830569316,
      "mean_abs_epsilon_precision_eq_species": 0.7615347650284957,
      "mean_abs_epsilon_precision_ECOLI": 0.8707075758540825,
      "mean_abs_epsilon_precision_HUMAN": 0.7527007477567662,
      "mean_abs_epsilon_precision_YEAST": 0.6611959714746382,
      "CV_median": 0.20072120548928,
      "CV_q75": 0.3606681006884149,
      "CV_q90": 0.5678193070359886,
      "CV_q95": 0.7000919814049742,
      "roc_auc": 0.8046690008572273,
      "roc_auc_directional": 0.8823217990720373,
      "nr_prec": 78671,
      "nr_prec_HUMAN": 58104,
      "nr_prec_YEAST": 17737,
      "nr_prec_ECOLI": 2830,
      "variance_epsilon_global": 1.8543992999258094
    },
    "3": {
      "median_abs_epsilon_global": 0.2749732239877014,
      "median_abs_epsilon_eq_species": 0.38363603946421626,
      "median_abs_epsilon_ECOLI": 0.5563408574564868,
      "median_abs_epsilon_HUMAN": 0.2490298270320972,
      "median_abs_epsilon_YEAST": 0.3455374339040649,
      "mean_abs_epsilon_global": 0.7605169778302078,
      "mean_abs_epsilon_eq_species": 0.7982162648574745,
      "mean_abs_epsilon_ECOLI": 0.9361095873230112,
      "mean_abs_epsilon_HUMAN": 0.7759400614456126,
      "mean_abs_epsilon_YEAST": 0.6825991458037998,
      "median_log2_empirical_ECOLI": -2.2896185102876014,
      "median_log2_empirical_HUMAN": -0.09329518725352592,
      "median_log2_empirical_YEAST": 1.1373298768265396,
      "median_abs_epsilon_precision_global": 0.2585878310299847,
      "median_abs_epsilon_precision_eq_species": 0.32911734308934015,
      "median_abs_epsilon_precision_ECOLI": 0.4547562584140721,
      "median_abs_epsilon_precision_HUMAN": 0.23326943456586946,
      "median_abs_epsilon_precision_YEAST": 0.2993263362880789,
      "mean_log2_empirical_ECOLI": -2.300592322133765,
      "mean_log2_empirical_HUMAN": -0.1114732558913514,
      "mean_log2_empirical_YEAST": 1.2459666528208244,
      "mean_abs_epsilon_precision_global": 0.7448421352680972,
      "mean_abs_epsilon_precision_eq_species": 0.7722633633272067,
      "mean_abs_epsilon_precision_ECOLI": 0.8858259854906582,
      "mean_abs_epsilon_precision_HUMAN": 0.7610191503247585,
      "mean_abs_epsilon_precision_YEAST": 0.6699449541662034,