{
  "old_new": "new",
  "id": "PEAKS_20250610_102154",
  "software_name": "PEAKS",
  "software_version": null,
  "search_engine": "PEAKS",
  "search_engine_version": null,
  "ident_fdr_psm": null,
  "ident_fdr_peptide": "1.0%",
  "ident_fdr_protein": null,
  "enable_match_between_runs": true,
  "precursor_mass_tolerance": "Auto Detected",
  "fragment_mass_tolerance": "Auto Detected",
  "enzyme": "Trypsin",
  "allowed_miscleavages": 1,
  "min_peptide_length": 7,
  "max_peptide_length": 30,
  "is_temporary": false,
  "intermediate_hash": "b5fddd9b5d27918e8d31ec07bcf599cbd214027a",
  "results": {
    "6": {
      "median_abs_epsilon_global": 0.1899702967947121,
      "median_abs_epsilon_eq_species": 0.2110135892498537,
      "median_abs_epsilon_ECOLI": 0.25867009235499516,
      "median_abs_epsilon_HUMAN": 0.18957208552021854,
      "median_abs_epsilon_YEAST": 0.18479858987434739,
      "mean_abs_epsilon_global": 0.4953592316357028,
      "mean_abs_epsilon_eq_species": 0.5054275068313362,
      "mean_abs_epsilon_ECOLI": 0.5657716158694867,
      "mean_abs_epsilon_HUMAN": 0.5074158452947091,
      "mean_abs_epsilon_YEAST": 0.44309505932981297,
      "median_log2_empirical_ECOLI": -2.048697242707517,
      "median_log2_empirical_HUMAN": -0.14182735973500726,
      "median_log2_empirical_YEAST": 0.9688761718530028,
      "median_abs_epsilon_precision_global": 0.15096574513475502,
      "median_abs_epsilon_precision_eq_species": 0.19129467763911437,
      "median_abs_epsilon_precision_ECOLI": 0.24813883048100216,
      "median_abs_epsilon_precision_HUMAN": 0.14087498398746234,
      "median_abs_epsilon_precision_YEAST": 0.18487021844887863,
      "mean_log2_empirical_ECOLI": -1.9497823524374875,
      "mean_log2_empirical_HUMAN": -0.18925907114883989,
      "mean_log2_empirical_YEAST": 0.9340495615036989,
      "mean_abs_epsilon_precision_global": 0.4663920101917419,
      "mean_abs_epsilon_precision_eq_species": 0.49586109737436024,
      "mean_abs_epsilon_precision_ECOLI": 0.5754013935981683,
      "mean_abs_epsilon_precision_HUMAN": 0.46867296494714544,
      "mean_abs_epsilon_precision_YEAST": 0.4435089335777668,
      "CV_median": 0.16098418537525988,
      "CV_q75": 0.27566905686962184,
      "CV_q90": 0.4212654107626046,
      "CV_q95": 0.5260620216277341,
      "roc_auc": 0.8449072549889917,
      "roc_auc_directional": 0.8991839660091953,
      "nr_prec": 65991,
      "nr_prec_HUMAN": 49967,
      "nr_prec_YEAST": 14108,
      "nr_prec_ECOLI": 1916,
      "variance_epsilon_global": 0.8477689666632395
    },
    "5": {
      "median_abs_epsilon_global": 0.22136835870687221,
      "median_abs_epsilon_eq_species": 0.2623648522045012,
      "median_abs_epsilon_ECOLI": 0.3433282944890461,
      "median_abs_epsilon_HUMAN": 0.21629071212704432,
      "median_abs_epsilon_YEAST": 0.22747554999741304,
      "mean_abs_epsilon_global": 0.6084298377950839,
      "mean_abs_epsilon_eq_species": 0.6165761709002818,
      "mean_abs_epsilon_ECOLI": 0.6918955924867695,
      "mean_abs_epsilon_HUMAN": 0.6280237324983141,
      "mean_abs_epsilon_YEAST": 0.5298091877157618,
      "median_log2_empirical_ECOLI": -2.0324635099730273,
      "median_log2_empirical_HUMAN": -0.1380061928259213,
      "median_log2_empirical_YEAST": 0.9731469034374172,
      "median_abs_epsilon_precision_global": 0.18925339138881903,
      "median_abs_epsilon_precision_eq_species": 0.2474666690796822,
      "median_abs_epsilon_precision_ECOLI": 0.3413499602735044,
      "median_abs_epsilon_precision_HUMAN": 0.17351404354124433,
      "median_abs_epsilon_precision_YEAST": 0.22753600342429792,
      "mean_log2_empirical_ECOLI": -1.8832993142534207,
      "mean_log2_empirical_HUMAN": -0.11501700769716063,
      "mean_log2_empirical_YEAST": 0.9816983774598477,
      "mean_abs_epsilon_precision_global": 0.5824256489059523,
      "mean_abs_epsilon_precision_eq_species": 0.611774437917466,
      "mean_abs_epsilon_precision_ECOLI": 0.7141374232786639,
      "mean_abs_epsilon_precision_HUMAN": 0.5924758435343835,
      "mean_abs_epsilon_precision_YEAST": 0.5287100469393505,
      "CV_median": 0.1695479419531031,
      "CV_q75": 0.29490626760828775,
      "CV_q90": 0.45713642316563763,
      "CV_q95": 0.5797934986492744,
      "roc_auc": 0.8029175403591637,
      "roc_auc_directional": 0.8746043601657394,
      "nr_prec": 79498,
      "nr_prec_HUMAN": 59268,
      "nr_prec_YEAST": 17582,
      "nr_prec_ECOLI": 2648,
      "variance_epsilon_global": 1.2236719773764118
    },
    "4": {
      "median_abs_epsilon_global": 0.2618866474783008,
      "median_abs_epsilon_eq_species": 0.32771621446523075,
      "median_abs_epsilon_ECOLI": 0.453427777988507,
      "median_abs_epsilon_HUMAN": 0.2517470413062881,
      "median_abs_epsilon_YEAST": 0.2779738241008971,
      "mean_abs_epsilon_global": 0.7486944711189548,
      "mean_abs_epsilon_eq_species": 0.7431094213184215,
      "mean_abs_epsilon_ECOLI": 0.8103857235580362,
      "mean_abs_epsilon_HUMAN": 0.7788500735830136,
      "mean_abs_epsilon_YEAST": 0.6400924668142145,
      "median_log2_empirical_ECOLI": -2.019671733552972,
      "median_log2_empirical_HUMAN": -0.1295761424261812,
      "median_log2_empirical_YEAST": 0.9842290079762996,
      "median_abs_epsilon_precision_global": 0.23435268458664638,
      "median_abs_epsilon_precision_eq_species": 0.3142262241413564,
      "median_abs_epsilon_precision_ECOLI": 0.45178092243447665,
      "median_abs_epsilon_precision_HUMAN": 0.21268632865282555,
      "median_abs_epsilon_precision_YEAST": 0.278211421336767,
      "mean_log2_empirical_ECOLI": -1.8535550752574876,
      "mean_log2_empirical_HUMAN": 0.012146417770245353,
      "mean_log2_empirical_YEAST": 1.0733279402105307,
      "mean_abs_epsilon_precision_global": 0.7555002522082067,
      "mean_abs_epsilon_precision_eq_species": 0.7560444176108604,
      "mean_abs_epsilon_precision_ECOLI": 0.8341751546287525,
      "mean_abs_epsilon_precision_HUMAN": 0.7837807900897866,
      "mean_abs_epsilon_precision_YEAST": 0.6501773081140418,
      "CV_median": 0.17290399895271627,
      "CV_q75": 0.3017552766842425,
      "CV_q90": 0.46849701385583553,
      "CV_q95": 0.593689706210104,
      "roc_auc": 0.7622642477882611,
      "roc_auc_directional": 0.8492975422387272,
      "nr_prec": 91960,
      "nr_prec_HUMAN": 67721,
      "nr_prec_YEAST": 20773,
      "nr_prec_ECOLI": 3466,
      "variance_epsilon_global": 1.75470545341226
    },
    "3": {
      "median_abs_epsilon_global": 0.27205024909397935,
      "median_abs_epsilon_eq_species": 0.3390287461749774,
      "median_abs_epsilon_ECOLI": 0.4674431034001856,
      "median_abs_epsilon_HUMAN": 0.2606424229129338,
      "median_abs_epsilon_YEAST": 0.2890007122118128,
      "mean_abs_epsilon_global": 0.7565035832418038,
      "mean_abs_epsilon_eq_species": 0.7582138503395447,
      "mean_abs_epsilon_ECOLI": 0.8394868556389442,
      "mean_abs_epsilon_HUMAN": 0.7850886672435126,
      "mean_abs_epsilon_YEAST": 0.6500660281361776,
      "median_log2_empirical_ECOLI": -2.0096809443382035,
      "median_log2_empirical_HUMAN": -0.12856351894577855,
      "median_log2_empirical_YEAST": 0.982006067109662,
      "median_abs_epsilon_precision_global": 0.24464778112623975,
      "median_abs_epsilon_precision_eq_species": 0.32828085489457237,
      "median_abs_epsilon_precision_ECOLI": 0.47061098299452553,
      "median_abs_epsilon_precision_HUMAN": 0.22321432568484312,
      "median_abs_epsilon_precision_YEAST": 0.29101725600434847,
      "mean_log2_empirical_ECOLI": -1.8125751583659724,
      "mean_log2_empirical_HUMAN": 0.013881024872818327,
      "mean_log2_empirical_YEAST": 1.0622386838164906,
      "mean_abs_epsilon_precision_global": 0.7635266856288622,
      "mean_abs_epsilon_precision_eq_species": 0.7731086130630217,
      "mean_abs_epsilon_precision_ECOLI": 0.8706601715399294,
      "mean_abs_epsilon_precision_HUMAN": 0.7905657347935752,
      "mean_abs_epsilon_precision_YEAST": 0.6580999328555606,