{
  "old_new": "new",
  "id": "PEAKS_20250610_102154",
  "software_name": "PEAKS",
  "software_version": null,
  "search_engine": "PEAKS",
  "search_engine_version": null,
  "ident_fdr_psm": null,
  "ident_fdr_peptide": "1.0%",
  "ident_fdr_protein": null,
  "enable_match_between_runs": true,
  "precursor_mass_tolerance": "Auto Detected",
  "fragment_mass_tolerance": "Auto Detected",
  "enzyme": "Trypsin",
  "allowed_miscleavages": "1",
  "min_peptide_length": "7",
  "max_peptide_length": "30",
  "is_temporary": false,
  "intermediate_hash": "b5fddd9b5d27918e8d31ec07bcf599cbd214027a",
  "results": {
    "6": {
      "median_abs_epsilon": 0.18998160793962882,
      "mean_abs_epsilon": 0.49786774894295316,
      "variance_epsilon": 0.8590314916021546,
      "nr_prec": 66431,
      "CV_median": 0.16107554752946862,
      "CV_q90": 0.4216979253373414,
      "CV_q75": 0.2759586684985354,
      "CV_q95": 0.5270385903445394
    },
    "5": {
      "median_abs_epsilon": 0.22153596811077136,
      "mean_abs_epsilon": 0.6112655343428649,
      "variance_epsilon": 1.2363701417140112,
      "nr_prec": 80015,
      "CV_median": 0.16966575480569882,
      "CV_q90": 0.4577996204763431,
      "CV_q75": 0.2952343172409322,
      "CV_q95": 0.5806847124510234
    },
    "4": {
      "median_abs_epsilon": 0.26212931687107144,
      "mean_abs_epsilon": 0.7516826760850492,
      "variance_epsilon": 1.7693272707493497,
      "nr_prec": 92536,
      "CV_median": 0.1730178726057005,
      "CV_q90": 0.46913276998629333,
      "CV_q75": 0.30208809993862745,
      "CV_q95": 0.5945671998619932
    },
    "3": {
      "median_abs_epsilon": 0.27233385341673255,
      "mean_abs_epsilon": 0.7593412631745693,
      "variance_epsilon": 1.7725630952793698,
      "nr_prec": 106050,
      "CV_median": 0.1759719143759057,
      "CV_q90": 0.4758429838402746,
      "CV_q75": 0.30749031741187216,
      "CV_q95": 0.601670329512453
    },
    "2": {
      "median_abs_epsilon": 0.2756717591633677,
      "mean_abs_epsilon": 0.7608712839892829,
      "variance_epsilon": 1.7692762227351582,
      "nr_prec": 109819,
      "CV_median": 0.17645633177014625,
      "CV_q90": 0.4788410384212704,
      "CV_q75": 0.3090861321147012,
      "CV_q95": 0.6063213429222047
    },
    "1": {
      "median_abs_epsilon": 0.2756717591633677,
      "mean_abs_epsilon": 0.7608712839892829,
      "variance_epsilon": 1.769276222735158,
      "nr_prec": 110578,
      "CV_median": 0.17645633177014625,
      "CV_q90": 0.4788410384212704,
      "CV_q75": 0.3090861321147012,
      "CV_q95": 0.6063213429222047
    }
  },
  "median_abs_epsilon": 0.27233385341673255,
  "mean_abs_epsilon": 0.7593412631745693,
  "nr_prec": 106050,
  "comments": "",
  "proteobench_version": "0.8.22",
  "color": "#f781bf",
  "hover_text": "ProteoBench ID: PEAKS_20250610_102154<br>Software tool: PEAKS <br>Comment (private submission): ...",
  "scatter_size": 20,
  "fixed_mods": "Carbamidomethylation (+57.02)",
  "variable_mods": "Oxidation (M) (+15.99) ,Acetylation (Protein N-term) (+42.01)",
  "max_mods": "1",
  "min_precursor_charge": "1",
  "max_precursor_charge": "4",
  "quantification_method": "Identification Directed Quantification",
  "protein_inference": null,
  "abundance_normalization_ions": "Use TIC",
  "submission_comments": "PEAKS Studio 12.5 build 20241120\nDIA quantification preference: Increased Sensitivity\nThe samples were analysed in individual groups for LFQ\n\n ### No parameter changes detected. \n\n\nDataset URL: https://proteobench.cubimed.rub.de/datasets/b5fddd9b5d27918e8d31ec07bcf599cbd214027a/"
}