{
  "old_new": "new",
  "id": "DIA-NN_20260309_111623",
  "software_name": "DIA-NN",
  "software_version": "1.9.2",
  "search_engine": "DIA-NN",
  "search_engine_version": "1.9.2",
  "ident_fdr_psm": 0.01,
  "ident_fdr_peptide": NaN,
  "ident_fdr_protein": NaN,
  "enable_match_between_runs": true,
  "precursor_mass_tolerance": "[-9.32611 ppm, 9.32611 ppm]",
  "fragment_mass_tolerance": "[-14.3505 ppm, 14.3505 ppm]",
  "enzyme": "Trypsin/P",
  "allowed_miscleavages": 1,
  "min_peptide_length": 6,
  "max_peptide_length": 30,
  "is_temporary": false,
  "intermediate_hash": "b6e24b27e52a1d1392a1d32f4f2e044b9c065ccb",
  "results": {
    "6": {
      "median_abs_epsilon_global": 0.1613337639619381,
      "median_abs_epsilon_eq_species": 0.2024039641407557,
      "median_abs_epsilon_ECOLI": 0.24881436124729106,
      "median_abs_epsilon_HUMAN": 0.15024620063137206,
      "median_abs_epsilon_YEAST": 0.20815133054360402,
      "mean_abs_epsilon_global": 0.4134331617216269,
      "mean_abs_epsilon_eq_species": 0.42365740185332806,
      "mean_abs_epsilon_ECOLI": 0.4401646811137309,
      "mean_abs_epsilon_HUMAN": 0.4107452180932479,
      "mean_abs_epsilon_YEAST": 0.42006230635300523,
      "median_log2_empirical_ECOLI": -2.202972867469297,
      "median_log2_empirical_HUMAN": -0.09283884166701917,
      "median_log2_empirical_YEAST": 1.1225132160061868,
      "median_abs_epsilon_precision_global": 0.1434367794485194,
      "median_abs_epsilon_precision_eq_species": 0.17727303622525406,
      "median_abs_epsilon_precision_ECOLI": 0.2278175923858612,
      "median_abs_epsilon_precision_HUMAN": 0.13399447114484886,
      "median_abs_epsilon_precision_YEAST": 0.17000704514505216,
      "mean_log2_empirical_ECOLI": -2.275938716920454,
      "mean_log2_empirical_HUMAN": -0.20252200739677803,
      "mean_log2_empirical_YEAST": 1.0950979536332173,
      "mean_abs_epsilon_precision_global": 0.40818668985608947,
      "mean_abs_epsilon_precision_eq_species": 0.40017176941895033,
      "mean_abs_epsilon_precision_ECOLI": 0.39458447100967914,
      "mean_abs_epsilon_precision_HUMAN": 0.4127658833363181,
      "mean_abs_epsilon_precision_YEAST": 0.39316495391085376,
      "CV_median": 0.15842564092806732,
      "CV_q75": 0.2633326070007891,
      "CV_q90": 0.3962980406349087,
      "CV_q95": 0.49699585709900884,
      "roc_auc": 0.8928735768123458,
      "roc_auc_directional": 0.9380769474536031,
      "nr_prec": 53317,
      "nr_prec_HUMAN": 40766,
      "nr_prec_YEAST": 11239,
      "nr_prec_ECOLI": 1312,
      "variance_epsilon_global": 0.6246062203025868
    },
    "5": {
      "median_abs_epsilon_global": 0.18550037282545517,
      "median_abs_epsilon_eq_species": 0.24386601026401186,
      "median_abs_epsilon_ECOLI": 0.31898124231304514,
      "median_abs_epsilon_HUMAN": 0.16974054502199465,
      "median_abs_epsilon_YEAST": 0.24287624345699577,
      "mean_abs_epsilon_global": 0.4786219821943562,
      "mean_abs_epsilon_eq_species": 0.48966740845656404,
      "mean_abs_epsilon_ECOLI": 0.5242219393670459,
      "mean_abs_epsilon_HUMAN": 0.48139272848119385,
      "mean_abs_epsilon_YEAST": 0.46338755752145233,
      "median_log2_empirical_ECOLI": -2.234156319477293,
      "median_log2_empirical_HUMAN": -0.09540432949912514,
      "median_log2_empirical_YEAST": 1.137632421710066,
      "median_abs_epsilon_precision_global": 0.1664449448548524,
      "median_abs_epsilon_precision_eq_species": 0.2047513470589782,
      "median_abs_epsilon_precision_ECOLI": 0.26361804798107613,
      "median_abs_epsilon_precision_HUMAN": 0.1539928646331461,
      "median_abs_epsilon_precision_YEAST": 0.19664312856271238,
      "mean_log2_empirical_ECOLI": -2.2688265552536517,
      "mean_log2_empirical_HUMAN": -0.18915686223962408,
      "mean_log2_empirical_YEAST": 1.1301548045665322,
      "mean_abs_epsilon_precision_global": 0.4671283324434067,
      "mean_abs_epsilon_precision_eq_species": 0.45948880282378585,
      "mean_abs_epsilon_precision_ECOLI": 0.46849078435473696,
      "mean_abs_epsilon_precision_HUMAN": 0.47697280943559484,
      "mean_abs_epsilon_precision_YEAST": 0.4330028146810258,
      "CV_median": 0.1659947401339369,
      "CV_q75": 0.28098359380590354,
      "CV_q90": 0.42810122669698736,
      "CV_q95": 0.5431076298699364,
      "roc_auc": 0.8725360309652979,
      "roc_auc_directional": 0.9289395756519774,
      "nr_prec": 62523,
      "nr_prec_HUMAN": 47151,
      "nr_prec_YEAST": 13670,
      "nr_prec_ECOLI": 1702,
      "variance_epsilon_global": 0.8103949653231839
    },
    "4": {
      "median_abs_epsilon_global": 0.21033470103301077,
      "median_abs_epsilon_eq_species": 0.282400865733095,
      "median_abs_epsilon_ECOLI": 0.3851165874097866,
      "median_abs_epsilon_HUMAN": 0.19034560110610954,
      "median_abs_epsilon_YEAST": 0.2717404086833888,
      "mean_abs_epsilon_global": 0.5552241551547613,
      "mean_abs_epsilon_eq_species": 0.5746160977619167,
      "mean_abs_epsilon_ECOLI": 0.6433049427224063,
      "mean_abs_epsilon_HUMAN": 0.5628336928779729,
      "mean_abs_epsilon_YEAST": 0.5177096576853709,
      "median_log2_empirical_ECOLI": -2.267249985839978,
      "median_log2_empirical_HUMAN": -0.0977754434377669,
      "median_log2_empirical_YEAST": 1.141831841682631,
      "median_abs_epsilon_precision_global": 0.18965101112937877,
      "median_abs_epsilon_precision_eq_species": 0.2371307788644342,
      "median_abs_epsilon_precision_ECOLI": 0.31475118321679574,
      "median_abs_epsilon_precision_HUMAN": 0.17446255826261492,
      "median_abs_epsilon_precision_YEAST": 0.22217859511389193,
      "mean_log2_empirical_ECOLI": -2.2678278581135847,
      "mean_log2_empirical_HUMAN": -0.17210897880794931,
      "mean_log2_empirical_YEAST": 1.1529218132174093,
      "mean_abs_epsilon_precision_global": 0.5392141443042399,
      "mean_abs_epsilon_precision_eq_species": 0.5407382213599402,
      "mean_abs_epsilon_precision_ECOLI": 0.5810113146502976,
      "mean_abs_epsilon_precision_HUMAN": 0.5527364182837281,
      "mean_abs_epsilon_precision_YEAST": 0.48846693114579476,
      "CV_median": 0.1699199195663158,
      "CV_q75": 0.28992685912878796,
      "CV_q90": 0.44644131426229294,
      "CV_q95": 0.5710672892896909,
      "roc_auc": 0.8472757427771084,
      "roc_auc_directional": 0.9139499934635198,
      "nr_prec": 70284,
      "nr_prec_HUMAN": 52350,
      "nr_prec_YEAST": 15749,
      "nr_prec_ECOLI": 2185,
      "variance_epsilon_global": 1.055213578870321
    },
    "3": {
      "median_abs_epsilon_global": 0.21919806216536486,
      "median_abs_epsilon_eq_species": 0.2893496129107387,
      "median_abs_epsilon_ECOLI": 0.3894804577683644,
      "median_abs_epsilon_HUMAN": 0.19890180564949844,
      "median_abs_epsilon_YEAST": 0.27966657531435324,
      "mean_abs_epsilon_global": 0.566557436328767,
      "mean_abs_epsilon_eq_species": 0.5842739179650063,
      "mean_abs_epsilon_ECOLI": 0.6488975931107206,
      "mean_abs_epsilon_HUMAN": 0.574313266784587,
      "mean_abs_epsilon_YEAST": 0.529610893999711,
      "median_log2_empirical_ECOLI": -2.2641718203935177,
      "median_log2_empirical_HUMAN": -0.0985556842555475,
      "median_log2_empirical_YEAST": 1.1407726895509125,
      "median_abs_epsilon_precision_global": 0.19806460049256103,
      "median_abs_epsilon_precision_eq_species": 0.2428816184804674,
      "median_abs_epsilon_precision_ECOLI": 0.3156560637889818,
      "median_abs_epsilon_precision_HUMAN": 0.18327553944639519,
      "median_abs_epsilon_precision_YEAST": 0.22971325220602523,
      "mean_log2_empirical_ECOLI": -2.2591213915913397,
      "mean_log2_empirical_HUMAN": -0.17301941987717726,
      "mean_log2_empirical_YEAST": 1.1484805073819258,
      "mean_abs_epsilon_precision_global": 0.5508477808397213,
      "mean_abs_epsilon_precision_eq_species": 0.5512523515060541,
      "mean_abs_epsilon_precision_ECOLI": 0.5881488588994576,
      "mean_abs_epsilon_precision_HUMAN": 0.5641805947440651,