{
  "id": "DIA-NN_20250523_074421",
  "software_name": "DIA-NN",
  "software_version": "2.1.0 Academia ",
  "search_engine_version": "2.1.0 Academia ",
  "search_engine": "DIA-NN",
  "ident_fdr_psm": NaN,
  "ident_fdr_peptide": NaN,
  "ident_fdr_protein": NaN,
  "enable_match_between_runs": false,
  "precursor_mass_tolerance": "[-9 ppm, 9 ppm]",
  "precursor_mass_tolerance_unit": NaN,
  "fragment_mass_tolerance": "[-17 ppm, 17 ppm]",
  "fragment_mass_tolerance_unit": NaN,
  "enzyme": "cut",
  "allowed_miscleavages": NaN,
  "min_peptide_length": NaN,
  "max_peptide_length": NaN,
  "intermediate_hash": "c17fb1c9c2c20cf73c264c4c9953ba1318e5e944",
  "fixed_mods": "",
  "variable_mods": "",
  "max_mods": NaN,
  "min_precursor_charge": NaN,
  "max_precursor_charge": NaN,
  "median_abs_epsilon": 0.16397666931152344,
  "nr_prec": 93456,
  "is_temporary": false,
  "old_new": "new",
  "results": {
    "6": {
      "median_abs_epsilon": 0.11884689331054688,
      "mean_abs_epsilon": 0.3670694195138357,
      "variance_epsilon": 0.5746242881374208,
      "nr_prec": 56857,
      "CV_median": 0.3270159071398319,
      "CV_q90": 0.52891231311926,
      "CV_q75": 0.41153433941166273,
      "CV_q95": 0.6166687069164682
    },
    "5": {
      "median_abs_epsilon": 0.13829612731933594,
      "mean_abs_epsilon": 0.4317740549413741,
      "variance_epsilon": 0.7357169252292209,
      "nr_prec": 65409,
      "CV_median": 0.3296580169314589,
      "CV_q90": 0.5506349785730771,
      "CV_q75": 0.42134188248697,
      "CV_q95": 0.6473414194815149
    },
    "4": {
      "median_abs_epsilon": 0.15717124938964844,
      "mean_abs_epsilon": 0.4963406714646153,
      "variance_epsilon": 0.9087086256371603,
      "nr_prec": 72932,
      "CV_median": 0.33038773527867016,
      "CV_q90": 0.5586853313597684,
      "CV_q75": 0.42495429777181587,
      "CV_q95": 0.6593697592062255
    },
    "3": {
      "median_abs_epsilon": 0.16397666931152344,
      "mean_abs_epsilon": 0.5038514497425378,
      "variance_epsilon": 0.9086232596450029,
      "nr_prec": 93456,
      "CV_median": 0.33369757308600356,
      "CV_q90": 0.5626562348087796,
      "CV_q75": 0.42963772095739217,
      "CV_q95": 0.6642333207663371
    },
    "2": {
      "median_abs_epsilon": 0.16667461395263672,
      "mean_abs_epsilon": 0.5050691826013154,
      "variance_epsilon": 0.9042188700330487,
      "nr_prec": 98931,
      "CV_median": 0.3336613261515251,
      "CV_q90": 0.5669155505946664,
      "CV_q75": 0.4312939977897451,
      "CV_q95": 0.6703711690081751
    },
    "1": {
      "median_abs_epsilon": 0.16667461395263672,
      "mean_abs_epsilon": 0.5050691826013154,
      "variance_epsilon": 0.9042188700330485,
      "nr_prec": 101589,
      "CV_median": 0.3336613261515251,
      "CV_q90": 0.5669155505946664,
      "CV_q75": 0.4312939977897451,
      "CV_q95": 0.6703711690081751
    }
  },
  "weighted_sum": NaN,
  "color": "#8c564b",
  "hover_text": "ProteoBench ID: DIA-NN_20250523_074421<br>Software tool: DIA-NN <br>Comment (private submission): ...",
  "scatter_size": 20,
  "comments": "",
  "proteobench_version": "0.8.12",
  "scan_window": NaN,
  "quantification_method_DIANN": NaN,
  "second_pass": NaN,
  "protein_inference": "Genes",
  "predictors_library": NaN,
  "submission_comments": "\n\n ### Parameter changes detected:\n- **max_peptide_length**: `None` \u2192 `nan`\n- **ident_fdr_peptide**: `None` \u2192 `nan`\n- **min_peptide_length**: `None` \u2192 `nan`\n- **ident_fdr_protein**: `None` \u2192 `nan`\n- **ident_fdr_psm**: `None` \u2192 `nan`\n- **max_mods**: `None` \u2192 `nan`\n- **allowed_miscleavages**: `None` \u2192 `nan`\n- **max_precursor_charge**: `None` \u2192 `nan`\n- **min_precursor_charge**: `None` \u2192 `nan`\n\nDataset URL: https://proteobench.cubimed.rub.de/datasets/c17fb1c9c2c20cf73c264c4c9953ba1318e5e944/",
  "quantification_method": "QuantUMS high-precision",
  "mean_abs_epsilon": 0.5038514497425378,
  "abundance_normalization_ions": null
}