{
  "old_new": "new",
  "id": "DIA-NN_20260309_105600",
  "software_name": "DIA-NN",
  "software_version": "1.9.2",
  "search_engine": "DIA-NN",
  "search_engine_version": "1.9.2",
  "ident_fdr_psm": 0.01,
  "ident_fdr_peptide": NaN,
  "ident_fdr_protein": NaN,
  "enable_match_between_runs": true,
  "precursor_mass_tolerance": "[-9.32611 ppm, 9.32611 ppm]",
  "fragment_mass_tolerance": "[-14.3505 ppm, 14.3505 ppm]",
  "enzyme": "Trypsin/P",
  "allowed_miscleavages": 1,
  "min_peptide_length": 6,
  "max_peptide_length": 30,
  "is_temporary": false,
  "intermediate_hash": "d48c2f3d3096442d29aa8a6f8d06f2093703f835",
  "results": {
    "6": {
      "median_abs_epsilon_global": 0.15637691609349957,
      "median_abs_epsilon_eq_species": 0.19057618533535367,
      "median_abs_epsilon_ECOLI": 0.2276756627894585,
      "median_abs_epsilon_HUMAN": 0.14622569056194834,
      "median_abs_epsilon_YEAST": 0.19782720265465414,
      "mean_abs_epsilon_global": 0.403844343421707,
      "mean_abs_epsilon_eq_species": 0.4075123624092263,
      "mean_abs_epsilon_ECOLI": 0.4135390710119663,
      "mean_abs_epsilon_HUMAN": 0.402915192630442,
      "mean_abs_epsilon_YEAST": 0.4060828235852706,
      "median_log2_empirical_ECOLI": -2.1731324805832557,
      "median_log2_empirical_HUMAN": -0.09178905843021923,
      "median_log2_empirical_YEAST": 1.1146237780032564,
      "median_abs_epsilon_precision_global": 0.13848970751164913,
      "median_abs_epsilon_precision_eq_species": 0.1666382648343454,
      "median_abs_epsilon_precision_ECOLI": 0.20823584737854794,
      "median_abs_epsilon_precision_HUMAN": 0.1296824021269174,
      "median_abs_epsilon_precision_YEAST": 0.16199654499757088,
      "mean_log2_empirical_ECOLI": -2.2438997177149655,
      "mean_log2_empirical_HUMAN": -0.1988252138296955,
      "mean_log2_empirical_YEAST": 1.0810863535820618,
      "mean_abs_epsilon_precision_global": 0.3991084595868328,
      "mean_abs_epsilon_precision_eq_species": 0.38762958113785123,
      "mean_abs_epsilon_precision_ECOLI": 0.37613327610339603,
      "mean_abs_epsilon_precision_HUMAN": 0.40449196276102023,
      "mean_abs_epsilon_precision_YEAST": 0.3822635045491375,
      "CV_median": 0.15417080637933203,
      "CV_q75": 0.25460614080167543,
      "CV_q90": 0.38324693173506086,
      "CV_q95": 0.48242384745710354,
      "roc_auc": 0.893181964862955,
      "roc_auc_directional": 0.9383766173036423,
      "nr_prec": 53317,
      "nr_prec_HUMAN": 40766,
      "nr_prec_YEAST": 11239,
      "nr_prec_ECOLI": 1312,
      "variance_epsilon_global": 0.605270810477376
    },
    "5": {
      "median_abs_epsilon_global": 0.17922907543912103,
      "median_abs_epsilon_eq_species": 0.22688562579943827,
      "median_abs_epsilon_ECOLI": 0.28553002381992343,
      "median_abs_epsilon_HUMAN": 0.16555127577878537,
      "median_abs_epsilon_YEAST": 0.22957557779960602,
      "mean_abs_epsilon_global": 0.4680370975436866,
      "mean_abs_epsilon_eq_species": 0.47270821561759874,
      "mean_abs_epsilon_ECOLI": 0.49663679813340583,
      "mean_abs_epsilon_HUMAN": 0.47253871531037905,
      "mean_abs_epsilon_YEAST": 0.4489491334090112,
      "median_log2_empirical_ECOLI": -2.202533585422442,
      "median_log2_empirical_HUMAN": -0.09419294895862862,
      "median_log2_empirical_YEAST": 1.1269065536132032,
      "median_abs_epsilon_precision_global": 0.15968123005651336,
      "median_abs_epsilon_precision_eq_species": 0.19277764835436825,
      "median_abs_epsilon_precision_ECOLI": 0.24367267659157932,
      "median_abs_epsilon_precision_HUMAN": 0.14945834704422367,
      "median_abs_epsilon_precision_YEAST": 0.18520192142730174,
      "mean_log2_empirical_ECOLI": -2.2356022346397104,
      "mean_log2_empirical_HUMAN": -0.18568802544691848,
      "mean_log2_empirical_YEAST": 1.1156358314936992,
      "mean_abs_epsilon_precision_global": 0.45714491205151553,
      "mean_abs_epsilon_precision_eq_species": 0.4464630172454394,
      "mean_abs_epsilon_precision_ECOLI": 0.4503073344064472,
      "mean_abs_epsilon_precision_HUMAN": 0.4677847488766104,
      "mean_abs_epsilon_precision_YEAST": 0.42129696845326053,
      "CV_median": 0.16152231797667577,
      "CV_q75": 0.27152312438975557,
      "CV_q90": 0.4151328369414114,
      "CV_q95": 0.5290872344492243,
      "roc_auc": 0.8730176707403517,
      "roc_auc_directional": 0.9291633983031428,
      "nr_prec": 62523,
      "nr_prec_HUMAN": 47151,
      "nr_prec_YEAST": 13670,
      "nr_prec_ECOLI": 1702,
      "variance_epsilon_global": 0.7857971678760451
    },
    "4": {
      "median_abs_epsilon_global": 0.2026963663716863,
      "median_abs_epsilon_eq_species": 0.26407221313416746,
      "median_abs_epsilon_ECOLI": 0.3485414294522826,
      "median_abs_epsilon_HUMAN": 0.18482515667766997,
      "median_abs_epsilon_YEAST": 0.25885005327254973,
      "mean_abs_epsilon_global": 0.5440802701204086,
      "mean_abs_epsilon_eq_species": 0.5575053927262185,
      "mean_abs_epsilon_ECOLI": 0.615573097471646,
      "mean_abs_epsilon_HUMAN": 0.5532448268930509,
      "mean_abs_epsilon_YEAST": 0.5036982538139583,
      "median_log2_empirical_ECOLI": -2.2298125841955567,
      "median_log2_empirical_HUMAN": -0.09618328196423853,
      "median_log2_empirical_YEAST": 1.1311302855077017,
      "median_abs_epsilon_precision_global": 0.18231592864463853,
      "median_abs_epsilon_precision_eq_species": 0.2249540896361021,
      "median_abs_epsilon_precision_ECOLI": 0.2933537816950462,
      "median_abs_epsilon_precision_HUMAN": 0.1689337369255739,
      "median_abs_epsilon_precision_YEAST": 0.21257475028768624,
      "mean_log2_empirical_ECOLI": -2.2352722725793437,
      "mean_log2_empirical_HUMAN": -0.1689790637695818,
      "mean_log2_empirical_YEAST": 1.1386748262572093,
      "mean_abs_epsilon_precision_global": 0.5287977590612915,
      "mean_abs_epsilon_precision_eq_species": 0.5280340000202018,
      "mean_abs_epsilon_precision_ECOLI": 0.5642214482091485,
      "mean_abs_epsilon_precision_HUMAN": 0.5429113691543462,
      "mean_abs_epsilon_precision_YEAST": 0.4769691826971108,
      "CV_median": 0.16525245568424807,
      "CV_q75": 0.2803983321497665,
      "CV_q90": 0.43436373445579285,
      "CV_q95": 0.5583465854821387,
      "roc_auc": 0.8478100578700487,
      "roc_auc_directional": 0.9141043610220458,
      "nr_prec": 70284,
      "nr_prec_HUMAN": 52350,
      "nr_prec_YEAST": 15749,
      "nr_prec_ECOLI": 2185,
      "variance_epsilon_global": 1.025328319907535
    },
    "3": {
      "median_abs_epsilon_global": 0.21115123466258723,
      "median_abs_epsilon_eq_species": 0.27078441309427365,
      "median_abs_epsilon_ECOLI": 0.3520271982581207,
      "median_abs_epsilon_HUMAN": 0.1933845014271256,
      "median_abs_epsilon_YEAST": 0.2669415395975747,
      "mean_abs_epsilon_global": 0.5555851340467921,
      "mean_abs_epsilon_eq_species": 0.567368262793087,
      "mean_abs_epsilon_ECOLI": 0.6213523385969945,
      "mean_abs_epsilon_HUMAN": 0.5648302303044639,
      "mean_abs_epsilon_YEAST": 0.5159222194778028,
      "median_log2_empirical_ECOLI": -2.22765176530962,
      "median_log2_empirical_HUMAN": -0.09701232982320107,
      "median_log2_empirical_YEAST": 1.130394888931649,
      "median_abs_epsilon_precision_global": 0.19047667225274267,
      "median_abs_epsilon_precision_eq_species": 0.2316601298814606,
      "median_abs_epsilon_precision_ECOLI": 0.29600484627967205,
      "median_abs_epsilon_precision_HUMAN": 0.17734884001356477,
      "median_abs_epsilon_precision_YEAST": 0.22162670335114498,
      "mean_log2_empirical_ECOLI": -2.2268688399892573,
      "mean_log2_empirical_HUMAN": -0.1698520949106376,
      "mean_log2_empirical_YEAST": 1.134570837139243,
      "mean_abs_epsilon_precision_global": 0.5405930836599189,
      "mean_abs_epsilon_precision_eq_species": 0.538635134765115,
      "mean_abs_epsilon_precision_ECOLI": 0.5712222184067421,
      "mean_abs_epsilon_precision_HUMAN": 0.5544917786271565,