{
  "old_new": "new",
  "id": "DIA-NN_20250610_101951",
  "software_name": "DIA-NN",
  "software_version": "1.9.2",
  "search_engine": "DIA-NN",
  "search_engine_version": "1.9.2",
  "ident_fdr_psm": 0.01,
  "ident_fdr_peptide": NaN,
  "ident_fdr_protein": NaN,
  "enable_match_between_runs": true,
  "precursor_mass_tolerance": "[-9.32611 ppm, 9.32611 ppm]",
  "fragment_mass_tolerance": "[-14.3505 ppm, 14.3505 ppm]",
  "enzyme": "Trypsin/P",
  "allowed_miscleavages": 1,
  "min_peptide_length": 6,
  "max_peptide_length": 30,
  "is_temporary": false,
  "intermediate_hash": "dcfb0316d24e51357eaffc5f9e638bd28da609fe",
  "results": {
    "6": {
      "median_abs_epsilon_global": 0.1226452448515154,
      "median_abs_epsilon_eq_species": 0.13893805377422433,
      "median_abs_epsilon_ECOLI": 0.15611554207382028,
      "median_abs_epsilon_HUMAN": 0.11787668422191011,
      "median_abs_epsilon_YEAST": 0.14282193502694263,
      "mean_abs_epsilon_global": 0.3358665489774314,
      "mean_abs_epsilon_eq_species": 0.3371612127187127,
      "mean_abs_epsilon_ECOLI": 0.33625099622757215,
      "mean_abs_epsilon_HUMAN": 0.3345793705128882,
      "mean_abs_epsilon_YEAST": 0.34065327141567764,
      "median_log2_empirical_ECOLI": -2.1211850385309354,
      "median_log2_empirical_HUMAN": -0.08482136141138774,
      "median_log2_empirical_YEAST": 1.0792787397281547,
      "median_abs_epsilon_precision_global": 0.10344332752968022,
      "median_abs_epsilon_precision_eq_species": 0.12090808894362522,
      "median_abs_epsilon_precision_ECOLI": 0.14528225668714256,
      "median_abs_epsilon_precision_HUMAN": 0.09856872592044219,
      "median_abs_epsilon_precision_YEAST": 0.11887328422329091,
      "mean_log2_empirical_ECOLI": -2.153253365455516,
      "mean_log2_empirical_HUMAN": -0.17197320853156076,
      "mean_log2_empirical_YEAST": 1.019730139193827,
      "mean_abs_epsilon_precision_global": 0.3321475113589183,
      "mean_abs_epsilon_precision_eq_species": 0.3247569509766658,
      "mean_abs_epsilon_precision_ECOLI": 0.3082069600840291,
      "mean_abs_epsilon_precision_HUMAN": 0.3324656534861984,
      "mean_abs_epsilon_precision_YEAST": 0.33359823935976995,
      "CV_median": 0.13242719129874206,
      "CV_q75": 0.21262885702584688,
      "CV_q90": 0.31545033247070975,
      "CV_q95": 0.38929615086088853,
      "roc_auc": 0.9065328979846654,
      "roc_auc_directional": 0.9387667952224007,
      "nr_prec": 34512,
      "nr_prec_HUMAN": 26630,
      "nr_prec_YEAST": 7098,
      "nr_prec_ECOLI": 784,
      "variance_epsilon_global": 0.5009104693631753
    },
    "5": {
      "median_abs_epsilon_global": 0.13765835321702724,
      "median_abs_epsilon_eq_species": 0.16302705594225841,
      "median_abs_epsilon_ECOLI": 0.1931597647009493,
      "median_abs_epsilon_HUMAN": 0.13078966051078034,
      "median_abs_epsilon_YEAST": 0.1651317426150456,
      "mean_abs_epsilon_global": 0.3848460657531371,
      "mean_abs_epsilon_eq_species": 0.3850153831570969,
      "mean_abs_epsilon_ECOLI": 0.3952006369169219,
      "mean_abs_epsilon_HUMAN": 0.38819531790301276,
      "mean_abs_epsilon_YEAST": 0.371650194651356,
      "median_log2_empirical_ECOLI": -2.1482135706247423,
      "median_log2_empirical_HUMAN": -0.08797711051677126,
      "median_log2_empirical_YEAST": 1.090029356423198,
      "median_abs_epsilon_precision_global": 0.11967992532706617,
      "median_abs_epsilon_precision_eq_species": 0.14194759438295534,
      "median_abs_epsilon_precision_ECOLI": 0.1735360725781394,
      "median_abs_epsilon_precision_HUMAN": 0.11370750984498024,
      "median_abs_epsilon_precision_YEAST": 0.13859920072574639,
      "mean_log2_empirical_ECOLI": -2.1590818681234722,
      "mean_log2_empirical_HUMAN": -0.16982449257130594,
      "mean_log2_empirical_YEAST": 1.0524074861997312,
      "mean_abs_epsilon_precision_global": 0.3767043524040632,
      "mean_abs_epsilon_precision_eq_species": 0.3664433416639959,
      "mean_abs_epsilon_precision_ECOLI": 0.35981968295107847,
      "mean_abs_epsilon_precision_HUMAN": 0.38284899840604825,
      "mean_abs_epsilon_precision_YEAST": 0.3566613436348611,
      "CV_median": 0.13612788424205147,
      "CV_q75": 0.22165414604688463,
      "CV_q90": 0.33003775494770515,
      "CV_q95": 0.4108187190306286,
      "roc_auc": 0.893161830107,
      "roc_auc_directional": 0.933573977329951,
      "nr_prec": 40531,
      "nr_prec_HUMAN": 30900,
      "nr_prec_YEAST": 8629,
      "nr_prec_ECOLI": 1002,
      "variance_epsilon_global": 0.631537876100679
    },
    "4": {
      "median_abs_epsilon_global": 0.15317557664461745,
      "median_abs_epsilon_eq_species": 0.19072224935864904,
      "median_abs_epsilon_ECOLI": 0.23985057173696767,
      "median_abs_epsilon_HUMAN": 0.1440897320711123,
      "median_abs_epsilon_YEAST": 0.18822644426786717,
      "mean_abs_epsilon_global": 0.44452410677050236,
      "mean_abs_epsilon_eq_species": 0.4476082153197522,
      "mean_abs_epsilon_ECOLI": 0.4765108944144386,
      "mean_abs_epsilon_HUMAN": 0.4522171098691788,
      "mean_abs_epsilon_YEAST": 0.41409664167563903,
      "median_log2_empirical_ECOLI": -2.172656517990168,
      "median_log2_empirical_HUMAN": -0.09057144565474928,
      "median_log2_empirical_YEAST": 1.0975585948041893,
      "median_abs_epsilon_precision_global": 0.13548501926782386,
      "median_abs_epsilon_precision_eq_species": 0.16544553374847717,
      "median_abs_epsilon_precision_ECOLI": 0.2108969628266415,
      "median_abs_epsilon_precision_HUMAN": 0.12694794307756752,
      "median_abs_epsilon_precision_YEAST": 0.15849169534122254,
      "mean_log2_empirical_ECOLI": -2.175211130414697,
      "mean_log2_empirical_HUMAN": -0.15314486055803472,
      "mean_log2_empirical_YEAST": 1.0906900502303452,
      "mean_abs_epsilon_precision_global": 0.4302067955684307,
      "mean_abs_epsilon_precision_eq_species": 0.4233269464834514,
      "mean_abs_epsilon_precision_ECOLI": 0.4347477628317741,
      "mean_abs_epsilon_precision_HUMAN": 0.44027590625939095,
      "mean_abs_epsilon_precision_YEAST": 0.39495717035918915,
      "CV_median": 0.1379499797568403,
      "CV_q75": 0.2258776767959726,
      "CV_q90": 0.33720267000600335,
      "CV_q95": 0.422388811356782,
      "roc_auc": 0.8759439108805048,
      "roc_auc_directional": 0.9252020160674574,
      "nr_prec": 46503,
      "nr_prec_HUMAN": 35075,
      "nr_prec_YEAST": 10180,
      "nr_prec_ECOLI": 1248,
      "variance_epsilon_global": 0.810751916104285
    },
    "3": {
      "median_abs_epsilon_global": 0.1601547077798422,
      "median_abs_epsilon_eq_species": 0.19605307821442017,
      "median_abs_epsilon_ECOLI": 0.24312944346079846,
      "median_abs_epsilon_HUMAN": 0.15066484702407124,
      "median_abs_epsilon_YEAST": 0.19436494415839078,
      "mean_abs_epsilon_global": 0.447050578189672,
      "mean_abs_epsilon_eq_species": 0.4521495271163589,
      "mean_abs_epsilon_ECOLI": 0.4815306788231092,
      "mean_abs_epsilon_HUMAN": 0.4530901616032732,
      "mean_abs_epsilon_YEAST": 0.4218277409226945,
      "median_log2_empirical_ECOLI": -2.173025164254142,
      "median_log2_empirical_HUMAN": -0.09110061023896066,
      "median_log2_empirical_YEAST": 1.096898453129043,
      "median_abs_epsilon_precision_global": 0.14243244375873232,
      "median_abs_epsilon_precision_eq_species": 0.1713313778870713,
      "median_abs_epsilon_precision_ECOLI": 0.2143854135889498,
      "median_abs_epsilon_precision_HUMAN": 0.13412195412256978,
      "median_abs_epsilon_precision_YEAST": 0.16548676594969436,
      "mean_log2_empirical_ECOLI": -2.1710198018683067,
      "mean_log2_empirical_HUMAN": -0.153760811792694,
      "mean_log2_empirical_YEAST": 1.08319523155245,
      "mean_abs_epsilon_precision_global": 0.43309979802864734,
      "mean_abs_epsilon_precision_eq_species": 0.42843393766412435,
      "mean_abs_epsilon_precision_ECOLI": 0.4402318090516916,
      "mean_abs_epsilon_precision_HUMAN": 0.4412236289343043,