{
  "old_new": "new",
  "id": "DIA-NN_20250610_101951",
  "software_name": "DIA-NN",
  "software_version": "1.9.2",
  "search_engine": "DIA-NN",
  "search_engine_version": "1.9.2",
  "ident_fdr_psm": "0.01",
  "ident_fdr_peptide": NaN,
  "ident_fdr_protein": NaN,
  "enable_match_between_runs": true,
  "precursor_mass_tolerance": "[-9.32611 ppm, 9.32611 ppm]",
  "fragment_mass_tolerance": "[-14.3505 ppm, 14.3505 ppm]",
  "enzyme": "Trypsin/P",
  "allowed_miscleavages": "1",
  "min_peptide_length": "6",
  "max_peptide_length": "30",
  "is_temporary": false,
  "intermediate_hash": "dcfb0316d24e51357eaffc5f9e638bd28da609fe",
  "results": {
    "6": {
      "median_abs_epsilon": 0.11832831650024467,
      "mean_abs_epsilon": 0.3333482177301,
      "variance_epsilon": 0.5014112339234743,
      "nr_prec": 34512,
      "CV_median": 0.31216394448946716,
      "CV_q90": 0.4910343210973345,
      "CV_q75": 0.39065837319779984,
      "CV_q95": 0.5674440842059854
    },
    "5": {
      "median_abs_epsilon": 0.13588668308874574,
      "mean_abs_epsilon": 0.3857023501918201,
      "variance_epsilon": 0.6256006348557785,
      "nr_prec": 40531,
      "CV_median": 0.3137275926036002,
      "CV_q90": 0.5090197050262917,
      "CV_q75": 0.3984230731966115,
      "CV_q95": 0.5916671147253962
    },
    "4": {
      "median_abs_epsilon": 0.15488300355118412,
      "mean_abs_epsilon": 0.4420204237117497,
      "variance_epsilon": 0.7679799495022891,
      "nr_prec": 46503,
      "CV_median": 0.31312411656519445,
      "CV_q90": 0.5153662957850377,
      "CV_q75": 0.40108341896134136,
      "CV_q95": 0.6032323250018001
    },
    "3": {
      "median_abs_epsilon": 0.16364253005065166,
      "mean_abs_epsilon": 0.449347066364967,
      "variance_epsilon": 0.7593270081299123,
      "nr_prec": 61129,
      "CV_median": 0.31669995728620115,
      "CV_q90": 0.5218504562355727,
      "CV_q75": 0.4071458889172306,
      "CV_q95": 0.6108139563035639
    },
    "2": {
      "median_abs_epsilon": 0.16793890747741713,
      "mean_abs_epsilon": 0.4512300396949954,
      "variance_epsilon": 0.7505912970558447,
      "nr_prec": 67679,
      "CV_median": 0.3162944170360764,
      "CV_q90": 0.5267030291399244,
      "CV_q75": 0.4086922162771257,
      "CV_q95": 0.6188320169603394
    },
    "1": {
      "median_abs_epsilon": 0.16793890747741713,
      "mean_abs_epsilon": 0.4512300396949955,
      "variance_epsilon": 0.7505912970558447,
      "nr_prec": 72124,
      "CV_median": 0.3162944170360764,
      "CV_q90": 0.5267030291399244,
      "CV_q75": 0.4086922162771257,
      "CV_q95": 0.6188320169603394
    }
  },
  "median_abs_epsilon": 0.16364253005065166,
  "mean_abs_epsilon": 0.449347066364967,
  "nr_prec": 61129,
  "comments": "",
  "proteobench_version": "0.8.22",
  "color": "#8c564b",
  "hover_text": "ProteoBench ID: DIA-NN_20250610_101951<br>Software tool: DIA-NN <br>Comment (private submission): ...",
  "scatter_size": 20,
  "fixed_mods": "unimod4",
  "variable_mods": "UniMod:35/15.994915/M,UniMod:1/42.010565/*n",
  "max_mods": "1",
  "min_precursor_charge": "1",
  "max_precursor_charge": "4",
  "quantification_method": "QuantUMS high-precision",
  "protein_inference": "Genes",
  "abundance_normalization_ions": null,
  "submission_comments": "Linear classifier NN\n\n ### Parameter changes detected:\n- **ident_fdr_protein**: `None` \u2192 `nan`\n- **ident_fdr_peptide**: `None` \u2192 `nan`\n\nDataset URL: https://proteobench.cubimed.rub.de/datasets/dcfb0316d24e51357eaffc5f9e638bd28da609fe/"
}