{
  "old_new": "new",
  "id": "DIA-NN_20250610_101951",
  "software_name": "DIA-NN",
  "software_version": "1.9.2",
  "search_engine": "DIA-NN",
  "search_engine_version": "1.9.2",
  "ident_fdr_psm": 0.01,
  "ident_fdr_peptide": NaN,
  "ident_fdr_protein": NaN,
  "enable_match_between_runs": true,
  "precursor_mass_tolerance": "[-9.32611 ppm, 9.32611 ppm]",
  "fragment_mass_tolerance": "[-14.3505 ppm, 14.3505 ppm]",
  "enzyme": "Trypsin/P",
  "allowed_miscleavages": 1,
  "min_peptide_length": 6,
  "max_peptide_length": 30,
  "is_temporary": false,
  "intermediate_hash": "dcfb0316d24e51357eaffc5f9e638bd28da609fe",
  "results": {
    "6": {
      "median_abs_epsilon_global": 0.12170250312576947,
      "median_abs_epsilon_eq_species": 0.13696183041439092,
      "median_abs_epsilon_ECOLI": 0.1530811872291018,
      "median_abs_epsilon_HUMAN": 0.11715143831120223,
      "median_abs_epsilon_YEAST": 0.14065286570286872,
      "mean_abs_epsilon_global": 0.32848770026489293,
      "mean_abs_epsilon_eq_species": 0.3298426885093138,
      "mean_abs_epsilon_ECOLI": 0.33008788332949623,
      "mean_abs_epsilon_HUMAN": 0.32752574289265435,
      "mean_abs_epsilon_YEAST": 0.33191443930579095,
      "median_log2_empirical_ECOLI": -2.1220534378974776,
      "median_log2_empirical_HUMAN": -0.08521105123113948,
      "median_log2_empirical_YEAST": 1.0819971345537063,
      "median_abs_epsilon_precision_global": 0.10253046547860922,
      "median_abs_epsilon_precision_eq_species": 0.11959135763203754,
      "median_abs_epsilon_precision_ECOLI": 0.14370833084883472,
      "median_abs_epsilon_precision_HUMAN": 0.097966599509002,
      "median_abs_epsilon_precision_YEAST": 0.11709914253827591,
      "mean_log2_empirical_ECOLI": -2.1629611126101502,
      "mean_log2_empirical_HUMAN": -0.17689242610285932,
      "mean_log2_empirical_YEAST": 1.0277025120602616,
      "mean_abs_epsilon_precision_global": 0.3253185334593545,
      "mean_abs_epsilon_precision_eq_species": 0.3170064248966707,
      "mean_abs_epsilon_precision_ECOLI": 0.3020436502162915,
      "mean_abs_epsilon_precision_HUMAN": 0.3268654510234593,
      "mean_abs_epsilon_precision_YEAST": 0.32211017345026133,
      "CV_median": 0.13228223565007113,
      "CV_q75": 0.2120096078915803,
      "CV_q90": 0.3140357704071606,
      "CV_q95": 0.3869665315964723,
      "roc_auc": 0.9115926604758644,
      "roc_auc_directional": 0.9409266436218817,
      "nr_prec": 33946,
      "nr_prec_HUMAN": 26182,
      "nr_prec_YEAST": 6987,
      "nr_prec_ECOLI": 777,
      "variance_epsilon_global": 0.47788932091720654
    },
    "5": {
      "median_abs_epsilon_global": 0.1366779736331889,
      "median_abs_epsilon_eq_species": 0.16062004978495872,
      "median_abs_epsilon_ECOLI": 0.18928024630644202,
      "median_abs_epsilon_HUMAN": 0.1300510505445942,
      "median_abs_epsilon_YEAST": 0.16252885250383997,
      "mean_abs_epsilon_global": 0.3773624051300991,
      "mean_abs_epsilon_eq_species": 0.3783793397424455,
      "mean_abs_epsilon_ECOLI": 0.39049657330395643,
      "mean_abs_epsilon_HUMAN": 0.38068585259601856,
      "mean_abs_epsilon_YEAST": 0.36395559332736144,
      "median_log2_empirical_ECOLI": -2.1487131308772867,
      "median_log2_empirical_HUMAN": -0.08850874012806287,
      "median_log2_empirical_YEAST": 1.091901460483955,
      "median_abs_epsilon_precision_global": 0.11869621910376171,
      "median_abs_epsilon_precision_eq_species": 0.14049154011584916,
      "median_abs_epsilon_precision_ECOLI": 0.17162920184173558,
      "median_abs_epsilon_precision_HUMAN": 0.11271322737761835,
      "median_abs_epsilon_precision_YEAST": 0.13713219112819353,
      "mean_log2_empirical_ECOLI": -2.1662776111894937,
      "mean_log2_empirical_HUMAN": -0.17601898607800828,
      "mean_log2_empirical_YEAST": 1.0584325033718927,
      "mean_abs_epsilon_precision_global": 0.37007544992918867,
      "mean_abs_epsilon_precision_eq_species": 0.35951674633168945,
      "mean_abs_epsilon_precision_ECOLI": 0.3542390136880254,
      "mean_abs_epsilon_precision_HUMAN": 0.3769461771696054,
      "mean_abs_epsilon_precision_YEAST": 0.3473650481374375,
      "CV_median": 0.13599608391320472,
      "CV_q75": 0.22104440145502868,
      "CV_q90": 0.32885541142812247,
      "CV_q95": 0.4090111611914235,
      "roc_auc": 0.8977617825165082,
      "roc_auc_directional": 0.9354615338041625,
      "nr_prec": 39914,
      "nr_prec_HUMAN": 30413,
      "nr_prec_YEAST": 8510,
      "nr_prec_ECOLI": 991,
      "variance_epsilon_global": 0.6046228229197301
    },
    "4": {
      "median_abs_epsilon_global": 0.15223223577683243,
      "median_abs_epsilon_eq_species": 0.1891611493783092,
      "median_abs_epsilon_ECOLI": 0.23819587860285552,
      "median_abs_epsilon_HUMAN": 0.14344564519368852,
      "median_abs_epsilon_YEAST": 0.18584192433838354,
      "mean_abs_epsilon_global": 0.43734148576042675,
      "mean_abs_epsilon_eq_species": 0.4416935357211101,
      "mean_abs_epsilon_ECOLI": 0.4725296186103546,
      "mean_abs_epsilon_HUMAN": 0.4446503301899152,
      "mean_abs_epsilon_YEAST": 0.4079006583630605,
      "median_log2_empirical_ECOLI": -2.1749672918007654,
      "median_log2_empirical_HUMAN": -0.09111338286869852,
      "median_log2_empirical_YEAST": 1.099450574895057,
      "median_abs_epsilon_precision_global": 0.1346907980001495,
      "median_abs_epsilon_precision_eq_species": 0.16404885180194148,
      "median_abs_epsilon_precision_ECOLI": 0.20963607654507221,
      "median_abs_epsilon_precision_HUMAN": 0.12610039772122938,
      "median_abs_epsilon_precision_YEAST": 0.15641008113952282,
      "mean_log2_empirical_ECOLI": -2.1799470210407152,
      "mean_log2_empirical_HUMAN": -0.16015926124802446,
      "mean_log2_empirical_YEAST": 1.0963414974648305,
      "mean_abs_epsilon_precision_global": 0.4237620245537486,
      "mean_abs_epsilon_precision_eq_species": 0.41719165858426516,
      "mean_abs_epsilon_precision_ECOLI": 0.4298262384555533,
      "mean_abs_epsilon_precision_HUMAN": 0.43403554158155666,
      "mean_abs_epsilon_precision_YEAST": 0.3877131957156854,
      "CV_median": 0.13785715698780582,
      "CV_q75": 0.22523466311658186,
      "CV_q90": 0.33624339771841805,
      "CV_q95": 0.42092759499648474,
      "roc_auc": 0.8801992977295254,
      "roc_auc_directional": 0.9268838988731791,
      "nr_prec": 45848,
      "nr_prec_HUMAN": 34556,
      "nr_prec_YEAST": 10056,
      "nr_prec_ECOLI": 1236,
      "variance_epsilon_global": 0.783084952696242
    },
    "3": {
      "median_abs_epsilon_global": 0.1591427891909376,
      "median_abs_epsilon_eq_species": 0.19463943189146113,
      "median_abs_epsilon_ECOLI": 0.24161719219921096,
      "median_abs_epsilon_HUMAN": 0.14993527156229547,
      "median_abs_epsilon_YEAST": 0.19236583191287693,
      "mean_abs_epsilon_global": 0.4401351172619116,
      "mean_abs_epsilon_eq_species": 0.44646338738740693,
      "mean_abs_epsilon_ECOLI": 0.4776699802679512,
      "mean_abs_epsilon_HUMAN": 0.44579057290593543,
      "mean_abs_epsilon_YEAST": 0.41592960898833425,
      "median_log2_empirical_ECOLI": -2.175420764648635,
      "median_log2_empirical_HUMAN": -0.09189851814063132,
      "median_log2_empirical_YEAST": 1.0984692250085537,
      "median_abs_epsilon_precision_global": 0.141479195528035,
      "median_abs_epsilon_precision_eq_species": 0.16981571788832994,
      "median_abs_epsilon_precision_ECOLI": 0.2128827776132951,
      "median_abs_epsilon_precision_HUMAN": 0.13332317152732287,
      "median_abs_epsilon_precision_YEAST": 0.16324120452437185,
      "mean_log2_empirical_ECOLI": -2.175629225912153,
      "mean_log2_empirical_HUMAN": -0.1604650889631695,
      "mean_log2_empirical_YEAST": 1.0887684261590884,
      "mean_abs_epsilon_precision_global": 0.42680350973839626,
      "mean_abs_epsilon_precision_eq_species": 0.42245549475170224,
      "mean_abs_epsilon_precision_ECOLI": 0.4354200437412489,
      "mean_abs_epsilon_precision_HUMAN": 0.43509729552882603,