{
    "id": "DIA-NN_20250123_084548",
    "software_name": "DIA-NN",
    "software_version": "1.9.2",
    "search_engine_version": "1.9.2",
    "search_engine": "DIA-NN",
    "ident_fdr_psm": null,
    "ident_fdr_peptide": 0.01,
    "ident_fdr_protein": 0.01,
    "enable_match_between_runs": 1.0,
    "precursor_mass_tolerance": "[-14.3505 ppm, 14.3505 ppm]",
    "precursor_mass_tolerance_unit": null,
    "fragment_mass_tolerance": "[-14.3505 ppm, 14.3505 ppm]",
    "fragment_mass_tolerance_unit": null,
    "enzyme": "Trypsin/P",
    "allowed_miscleavages": 1,
    "min_peptide_length": 6,
    "max_peptide_length": 30,
    "intermediate_hash": "dcfb0316d24e51357eaffc5f9e638bd28da609fe",
    "fixed_mods": "unimod4",
    "variable_mods": "UniMod:35/15.994915/M,UniMod:1/42.010565/*n",
    "max_mods": 1,
    "min_precursor_charge": 1.0,
    "max_precursor_charge": 4.0,
    "median_abs_epsilon": 0.1636425301,
    "nr_prec": 61129,
    "is_temporary": false,
    "old_new": "old",
    "results": {
        "6": {
            "median_abs_epsilon": 0.1183283165,
            "mean_abs_epsilon": 0.3333482177,
            "variance_epsilon": 0.5014112339,
            "nr_prec": 34512,
            "CV_median": 0.3121639445,
            "CV_q90": 0.4910343211,
            "CV_q75": 0.3906583732,
            "CV_q95": 0.5674440842
        },
        "5": {
            "median_abs_epsilon": 0.1358866831,
            "mean_abs_epsilon": 0.3857023502,
            "variance_epsilon": 0.6256006349,
            "nr_prec": 40531,
            "CV_median": 0.3137275926,
            "CV_q90": 0.509019705,
            "CV_q75": 0.3984230732,
            "CV_q95": 0.5916671147
        },
        "4": {
            "median_abs_epsilon": 0.1548830036,
            "mean_abs_epsilon": 0.4420204237,
            "variance_epsilon": 0.7679799495,
            "nr_prec": 46503,
            "CV_median": 0.3131241166,
            "CV_q90": 0.5153662958,
            "CV_q75": 0.401083419,
            "CV_q95": 0.603232325
        },
        "3": {
            "median_abs_epsilon": 0.1636425301,
            "mean_abs_epsilon": 0.4493470664,
            "variance_epsilon": 0.7593270081,
            "nr_prec": 61129,
            "CV_median": 0.3166999573,
            "CV_q90": 0.5218504562,
            "CV_q75": 0.4071458889,
            "CV_q95": 0.6108139563
        },
        "2": {
            "median_abs_epsilon": 0.1679389075,
            "mean_abs_epsilon": 0.4512300397,
            "variance_epsilon": 0.7505912971,
            "nr_prec": 67679,
            "CV_median": 0.316294417,
            "CV_q90": 0.5267030291,
            "CV_q75": 0.4086922163,
            "CV_q95": 0.618832017
        },
        "1": {
            "median_abs_epsilon": 0.1679389075,
            "mean_abs_epsilon": 0.4512300397,
            "variance_epsilon": 0.7505912971,
            "nr_prec": 72124,
            "CV_median": 0.316294417,
            "CV_q90": 0.5267030291,
            "CV_q75": 0.4086922163,
            "CV_q95": 0.618832017
        }
    },
    "weighted_sum": null,
    "color": "#8c564b",
    "hover_text": "ProteoBench ID: DIA-NN_20250123_084548<br>Software tool: DIA-NN <br>Comment (private submission): ",
    "scatter_size": 20.0,
    "comments": "",
    "proteobench_version": "0.5.15",
    "scan_window": 13,
    "quantification_method_DIANN": null,
    "second_pass": false,
    "protein_inference": null,
    "predictors_library": {
        "RT": "DIANN",
        "IM": "DIANN",
        "MS2_int": "DIANN"
    },
    "submission_comments": "Linear classifier NN\n\nDataset URL: https://proteobench.cubimed.rub.de/datasets/dcfb0316d24e51357eaffc5f9e638bd28da609fe/",
    "quantification_method": "QuantUMS high-precision",
    "mean_abs_epsilon": 0.4493470664,
    "abundance_normalization_ions": null
}