{
  "old_new": "new",
  "id": "FragPipe (DIA-NN quant)_20250622_134139",
  "software_name": "FragPipe (DIA-NN quant)",
  "software_version": "23.0",
  "search_engine": "MSFragger",
  "search_engine_version": "4.2",
  "ident_fdr_psm": "0.01",
  "ident_fdr_peptide": null,
  "ident_fdr_protein": "0.01",
  "enable_match_between_runs": false,
  "precursor_mass_tolerance": "[-20 ppm, 20 ppm]",
  "fragment_mass_tolerance": "[-20 ppm, 20 ppm]",
  "enzyme": "Trypsin/P",
  "allowed_miscleavages": "1",
  "min_peptide_length": "7",
  "max_peptide_length": "50",
  "is_temporary": false,
  "intermediate_hash": "ea205928dc445b7f3cf38fcab93c1e1c121b9291",
  "results": {
    "6": {
      "median_abs_epsilon": 0.11926290061779099,
      "mean_abs_epsilon": 0.4158298283943095,
      "variance_epsilon": 0.7227380868877261,
      "nr_prec": 52019,
      "CV_median": 0.3239439534666567,
      "CV_q90": 0.5232187159691413,
      "CV_q75": 0.4055341410875157,
      "CV_q95": 0.6155601738759201
    },
    "5": {
      "median_abs_epsilon": 0.13763190972937878,
      "mean_abs_epsilon": 0.4971565380331668,
      "variance_epsilon": 0.9636811498495286,
      "nr_prec": 58179,
      "CV_median": 0.32609098367325895,
      "CV_q90": 0.543450824937084,
      "CV_q75": 0.4132150079196576,
      "CV_q95": 0.6447287049420944
    },
    "4": {
      "median_abs_epsilon": 0.155637290798877,
      "mean_abs_epsilon": 0.5840791663675966,
      "variance_epsilon": 1.2501944570836145,
      "nr_prec": 63438,
      "CV_median": 0.3268325735520625,
      "CV_q90": 0.5486109214753749,
      "CV_q75": 0.4154378302161721,
      "CV_q95": 0.6526121211106533
    },
    "3": {
      "median_abs_epsilon": 0.15882770698783588,
      "mean_abs_epsilon": 0.5895814024698065,
      "variance_epsilon": 1.2568751341723186,
      "nr_prec": 71263,
      "CV_median": 0.3284185408127266,
      "CV_q90": 0.5508877740805675,
      "CV_q75": 0.4176802000372314,
      "CV_q95": 0.656103064448174
    },
    "2": {
      "median_abs_epsilon": 0.15990067040075928,
      "mean_abs_epsilon": 0.5906024407007758,
      "variance_epsilon": 1.2568221685524747,
      "nr_prec": 72402,
      "CV_median": 0.32845680063957283,
      "CV_q90": 0.5523188643518175,
      "CV_q75": 0.41808063535112094,
      "CV_q95": 0.6579305749040845
    },
    "1": {
      "median_abs_epsilon": 0.15990067040075928,
      "mean_abs_epsilon": 0.5906024407007757,
      "variance_epsilon": 1.2568221685524745,
      "nr_prec": 72874,
      "CV_median": 0.32845680063957283,
      "CV_q90": 0.5523188643518175,
      "CV_q75": 0.41808063535112094,
      "CV_q95": 0.6579305749040845
    }
  },
  "median_abs_epsilon": 0.15882770698783588,
  "mean_abs_epsilon": 0.5895814024698065,
  "nr_prec": 71263,
  "comments": "",
  "proteobench_version": "0.8.23",
  "color": "#F89008",
  "hover_text": "ProteoBench ID: FragPipe (DIA-NN quant)_20250622_134139<br>Software tool: FragPipe (DIA-NN quant) <br>Comment (private submission): ...",
  "scatter_size": 20,
  "fixed_mods": "0.0,C-Term Peptide,true,-1; 0.0,N-Term Peptide,true,-1; 0.0,C-Term Protein,true,-1; 0.0,N-Term Protein,true,-1; 0.0,G (glycine),true,-1; 0.0,A (alanine),true,-1; 0.0,S (serine),true,-1; 0.0,P (proline),true,-1; 0.0,V (valine),true,-1; 0.0,T (threonine),true,-1; 57.02146,C (cysteine),true,-1; 0.0,L (leucine),true,-1; 0.0,I (isoleucine),true,-1; 0.0,N (asparagine),true,-1; 0.0,D (aspartic acid),true,-1; 0.0,Q (glutamine),true,-1; 0.0,K (lysine),true,-1; 0.0,E (glutamic acid),true,-1; 0.0,M (methionine),true,-1; 0.0,H (histidine),true,-1; 0.0,F (phenylalanine),true,-1; 0.0,R (arginine),true,-1; 0.0,Y (tyrosine),true,-1; 0.0,W (tryptophan),true,-1; 0.0,B ,true,-1; 0.0,J,true,-1; 0.0,O,true,-1; 0.0,U,true,-1; 0.0,X,true,-1; 0.0,Z,true,-1",
  "variable_mods": "15.9949,M,true,1; 42.0106,[^,true,1; 79.96633,STY,false,3; -17.0265,nQnC,false,1; -18.0106,nE,false,1; 0.0,site_06,false,1; 0.0,site_07,false,1; 0.0,site_08,false,1; 0.0,site_09,false,1; 0.0,site_10,false,1; 0.0,site_11,false,1; 0.0,site_12,false,1; 0.0,site_13,false,1; 0.0,site_14,false,1; 0.0,site_15,false,1; 0.0,site_16,false,1",
  "max_mods": "3",
  "min_precursor_charge": "1",
  "max_precursor_charge": null,
  "quantification_method": "Robust LC (high accuracy)",
  "protein_inference": "ProteinProphet: --maxppmdiff 2000000 --minprob 0.5",
  "abundance_normalization_ions": "1",
  "submission_comments": "\n\n ### Parameter changes detected:\n- **abundance_normalization_ions**: `None` \u2192 `1`\n\nDataset URL: https://proteobench.cubimed.rub.de/datasets/ea205928dc445b7f3cf38fcab93c1e1c121b9291/"
}