{
  "old_new": "new",
  "id": "DIA-NN_20250610_100324",
  "software_name": "DIA-NN",
  "software_version": "1.8",
  "search_engine": "DIA-NN",
  "search_engine_version": "1.8",
  "ident_fdr_psm": 0.01,
  "ident_fdr_peptide": NaN,
  "ident_fdr_protein": NaN,
  "enable_match_between_runs": true,
  "precursor_mass_tolerance": "[-9.12019 ppm, 9.12019 ppm]",
  "fragment_mass_tolerance": "[-31.5257 ppm, 31.5257 ppm]",
  "enzyme": "Trypsin/P",
  "allowed_miscleavages": 1,
  "min_peptide_length": 6,
  "max_peptide_length": 30,
  "is_temporary": false,
  "intermediate_hash": "f36a37ad4a1140497a3baabfaa22f0506c57f646",
  "results": {
    "6": {
      "median_abs_epsilon_global": 0.19880443025938632,
      "median_abs_epsilon_eq_species": 0.2383871539667949,
      "median_abs_epsilon_ECOLI": 0.2906408105445557,
      "median_abs_epsilon_HUMAN": 0.18866063985064585,
      "median_abs_epsilon_YEAST": 0.2358600115051832,
      "mean_abs_epsilon_global": 0.5237416312346163,
      "mean_abs_epsilon_eq_species": 0.5539517470182145,
      "mean_abs_epsilon_ECOLI": 0.6262407483390451,
      "mean_abs_epsilon_HUMAN": 0.5233105240938857,
      "mean_abs_epsilon_YEAST": 0.5123039686217128,
      "median_log2_empirical_ECOLI": -2.1222921682313967,
      "median_log2_empirical_HUMAN": -0.0980140909927627,
      "median_log2_empirical_YEAST": 1.0804278498407722,
      "median_abs_epsilon_precision_global": 0.18464886767190336,
      "median_abs_epsilon_precision_eq_species": 0.2231674785636392,
      "median_abs_epsilon_precision_ECOLI": 0.27535958216192924,
      "median_abs_epsilon_precision_HUMAN": 0.17375169955785452,
      "median_abs_epsilon_precision_YEAST": 0.22039115397113385,
      "mean_log2_empirical_ECOLI": -2.150627830280355,
      "mean_log2_empirical_HUMAN": -0.1930632918597205,
      "mean_log2_empirical_YEAST": 1.0910569570614181,
      "mean_abs_epsilon_precision_global": 0.5176301485767809,
      "mean_abs_epsilon_precision_eq_species": 0.5438089106475422,
      "mean_abs_epsilon_precision_ECOLI": 0.6110052842718845,
      "mean_abs_epsilon_precision_HUMAN": 0.5188268108883552,
      "mean_abs_epsilon_precision_YEAST": 0.5015946367823871,
      "CV_median": 0.1868084519802302,
      "CV_q75": 0.3321547720829062,
      "CV_q90": 0.5227169585274442,
      "CV_q95": 0.6405213426237253,
      "roc_auc": 0.8575376939961107,
      "roc_auc_directional": 0.9075929938523853,
      "nr_prec": 64306,
      "nr_prec_HUMAN": 48761,
      "nr_prec_YEAST": 13800,
      "nr_prec_ECOLI": 1745,
      "variance_epsilon_global": 0.9274517540118086
    },
    "5": {
      "median_abs_epsilon_global": 0.23420502177706837,
      "median_abs_epsilon_eq_species": 0.29779578184938177,
      "median_abs_epsilon_ECOLI": 0.38952039325033283,
      "median_abs_epsilon_HUMAN": 0.2171043968728661,
      "median_abs_epsilon_YEAST": 0.28676255542494644,
      "mean_abs_epsilon_global": 0.6187805714051768,
      "mean_abs_epsilon_eq_species": 0.6552832799823675,
      "mean_abs_epsilon_ECOLI": 0.7603452754860385,
      "mean_abs_epsilon_HUMAN": 0.6241705803835136,
      "mean_abs_epsilon_YEAST": 0.5813339840775502,
      "median_log2_empirical_ECOLI": -2.1552880432187287,
      "median_log2_empirical_HUMAN": -0.10004978161922651,
      "median_log2_empirical_YEAST": 1.088534400529074,
      "median_abs_epsilon_precision_global": 0.22043108516335508,
      "median_abs_epsilon_precision_eq_species": 0.27692440740024554,
      "median_abs_epsilon_precision_ECOLI": 0.3589355892895938,
      "median_abs_epsilon_precision_HUMAN": 0.20299779928527784,
      "median_abs_epsilon_precision_YEAST": 0.26883983362586505,
      "mean_log2_empirical_ECOLI": -2.1677858765386904,
      "mean_log2_empirical_HUMAN": -0.17163775567953846,
      "mean_log2_empirical_YEAST": 1.1283868338199823,
      "mean_abs_epsilon_precision_global": 0.6081916734757535,
      "mean_abs_epsilon_precision_eq_species": 0.6417779952723301,
      "mean_abs_epsilon_precision_ECOLI": 0.7400199739408003,
      "mean_abs_epsilon_precision_HUMAN": 0.613729435874133,
      "mean_abs_epsilon_precision_YEAST": 0.5715845760020574,
      "CV_median": 0.1976617703099091,
      "CV_q75": 0.35948201494471976,
      "CV_q90": 0.5648121310734264,
      "CV_q95": 0.6883455775774968,
      "roc_auc": 0.8270999110847841,
      "roc_auc_directional": 0.8931476233500029,
      "nr_prec": 73941,
      "nr_prec_HUMAN": 55197,
      "nr_prec_YEAST": 16485,
      "nr_prec_ECOLI": 2259,
      "variance_epsilon_global": 1.250523270129321
    },
    "4": {
      "median_abs_epsilon_global": 0.27353025116462604,
      "median_abs_epsilon_eq_species": 0.3625670507041298,
      "median_abs_epsilon_ECOLI": 0.4989236208155923,
      "median_abs_epsilon_HUMAN": 0.25015224336000763,
      "median_abs_epsilon_YEAST": 0.3386252879367895,
      "mean_abs_epsilon_global": 0.7268811196631474,
      "mean_abs_epsilon_eq_species": 0.7589895459958816,
      "mean_abs_epsilon_ECOLI": 0.8788851677828192,
      "mean_abs_epsilon_HUMAN": 0.7410954221250127,
      "mean_abs_epsilon_YEAST": 0.6569880480798129,
      "median_log2_empirical_ECOLI": -2.180763031856962,
      "median_log2_empirical_HUMAN": -0.09794265552637071,
      "median_log2_empirical_YEAST": 1.0992351793669268,
      "median_abs_epsilon_precision_global": 0.2587022284418481,
      "median_abs_epsilon_precision_eq_species": 0.3350591957934033,
      "median_abs_epsilon_precision_ECOLI": 0.4569328612235033,
      "median_abs_epsilon_precision_HUMAN": 0.2352685699816668,
      "median_abs_epsilon_precision_YEAST": 0.31297615617503993,
      "mean_log2_empirical_ECOLI": -2.1769048980942936,
      "mean_log2_empirical_HUMAN": -0.1101801206772868,
      "mean_log2_empirical_YEAST": 1.1832689972666837,
      "mean_abs_epsilon_precision_global": 0.7129721011420718,
      "mean_abs_epsilon_precision_eq_species": 0.744029905810636,
      "mean_abs_epsilon_precision_ECOLI": 0.8558186134145607,
      "mean_abs_epsilon_precision_HUMAN": 0.7251536504743267,
      "mean_abs_epsilon_precision_YEAST": 0.6511174535430209,
      "CV_median": 0.20213924692804852,
      "CV_q75": 0.36936330212179824,
      "CV_q90": 0.5816489218023901,
      "CV_q95": 0.7081229689674886,
      "roc_auc": 0.7979935039255961,
      "roc_auc_directional": 0.8761863440637536,
      "nr_prec": 83141,
      "nr_prec_HUMAN": 61352,
      "nr_prec_YEAST": 18856,
      "nr_prec_ECOLI": 2933,
      "variance_epsilon_global": 1.6826878473652354
    },
    "3": {
      "median_abs_epsilon_global": 0.281249020396924,
      "median_abs_epsilon_eq_species": 0.3711112688050111,
      "median_abs_epsilon_ECOLI": 0.506300991118394,
      "median_abs_epsilon_HUMAN": 0.2573594556666041,
      "median_abs_epsilon_YEAST": 0.3496733596300352,
      "mean_abs_epsilon_global": 0.7341074604918152,
      "mean_abs_epsilon_eq_species": 0.7676809430703466,
      "mean_abs_epsilon_ECOLI": 0.8893972483752063,
      "mean_abs_epsilon_HUMAN": 0.7477450319170608,
      "mean_abs_epsilon_YEAST": 0.665900548918773,
      "median_log2_empirical_ECOLI": -2.1726528456418563,
      "median_log2_empirical_HUMAN": -0.09801230420873885,
      "median_log2_empirical_YEAST": 1.0986797196613303,
      "median_abs_epsilon_precision_global": 0.26676427652834,
      "median_abs_epsilon_precision_eq_species": 0.3441138625962991,
      "median_abs_epsilon_precision_ECOLI": 0.46692662881339686,
      "median_abs_epsilon_precision_HUMAN": 0.24235743737500748,
      "median_abs_epsilon_precision_YEAST": 0.32305752160049295,
      "mean_log2_empirical_ECOLI": -2.1637360971152946,
      "mean_log2_empirical_HUMAN": -0.11135731148280878,
      "mean_log2_empirical_YEAST": 1.1795645648831479,
      "mean_abs_epsilon_precision_global": 0.7204211398338508,
      "mean_abs_epsilon_precision_eq_species": 0.7532435669714529,
      "mean_abs_epsilon_precision_ECOLI": 0.8677888408271895,
      "mean_abs_epsilon_precision_HUMAN": 0.7320785805935714,