{
  "old_new": "new",
  "id": "DIA-NN_20250610_100324",
  "software_name": "DIA-NN",
  "software_version": "1.8",
  "search_engine": "DIA-NN",
  "search_engine_version": "1.8",
  "ident_fdr_psm": 0.01,
  "ident_fdr_peptide": NaN,
  "ident_fdr_protein": NaN,
  "enable_match_between_runs": true,
  "precursor_mass_tolerance": "[-9.12019 ppm, 9.12019 ppm]",
  "fragment_mass_tolerance": "[-31.5257 ppm, 31.5257 ppm]",
  "enzyme": "Trypsin/P",
  "allowed_miscleavages": 1,
  "min_peptide_length": 6,
  "max_peptide_length": 30,
  "is_temporary": false,
  "intermediate_hash": "f36a37ad4a1140497a3baabfaa22f0506c57f646",
  "results": {
    "6": {
      "median_abs_epsilon_global": 0.19869165576667136,
      "median_abs_epsilon_eq_species": 0.23820246119617985,
      "median_abs_epsilon_ECOLI": 0.2897970579632805,
      "median_abs_epsilon_HUMAN": 0.1884468653939102,
      "median_abs_epsilon_YEAST": 0.2363634602313489,
      "mean_abs_epsilon_global": 0.5204813755864377,
      "mean_abs_epsilon_eq_species": 0.5521132831619792,
      "mean_abs_epsilon_ECOLI": 0.6252014509927705,
      "mean_abs_epsilon_HUMAN": 0.5191335219612077,
      "mean_abs_epsilon_YEAST": 0.5120048765319595,
      "median_log2_empirical_ECOLI": -2.1191180091512294,
      "median_log2_empirical_HUMAN": -0.09809843453936296,
      "median_log2_empirical_YEAST": 1.0807093598971846,
      "median_abs_epsilon_precision_global": 0.1844588617069327,
      "median_abs_epsilon_precision_eq_species": 0.22286017965433302,
      "median_abs_epsilon_precision_ECOLI": 0.2744670140964125,
      "median_abs_epsilon_precision_HUMAN": 0.17358157104510497,
      "median_abs_epsilon_precision_YEAST": 0.2205319538214816,
      "mean_log2_empirical_ECOLI": -2.147444018220076,
      "mean_log2_empirical_HUMAN": -0.19613751688784647,
      "mean_log2_empirical_YEAST": 1.091232146536864,
      "mean_abs_epsilon_precision_global": 0.5150008489663676,
      "mean_abs_epsilon_precision_eq_species": 0.5423046916111134,
      "mean_abs_epsilon_precision_ECOLI": 0.6101858150975914,
      "mean_abs_epsilon_precision_HUMAN": 0.5155040832927213,
      "mean_abs_epsilon_precision_YEAST": 0.5012241764430273,
      "CV_median": 0.1868044652621209,
      "CV_q75": 0.3321626821325594,
      "CV_q90": 0.5224288390928857,
      "CV_q95": 0.6401451368358917,
      "roc_auc": 0.8588005025779029,
      "roc_auc_directional": 0.9078749126867345,
      "nr_prec": 63874,
      "nr_prec_HUMAN": 48369,
      "nr_prec_YEAST": 13768,
      "nr_prec_ECOLI": 1737,
      "variance_epsilon_global": 0.9125462945453268
    },
    "5": {
      "median_abs_epsilon_global": 0.23397685637681498,
      "median_abs_epsilon_eq_species": 0.2974638411955001,
      "median_abs_epsilon_ECOLI": 0.38858965099434073,
      "median_abs_epsilon_HUMAN": 0.21678002480186365,
      "median_abs_epsilon_YEAST": 0.28702184779029594,
      "mean_abs_epsilon_global": 0.6155247456208764,
      "mean_abs_epsilon_eq_species": 0.6537997054561177,
      "mean_abs_epsilon_ECOLI": 0.7603236026085043,
      "mean_abs_epsilon_HUMAN": 0.6198918684434462,
      "mean_abs_epsilon_YEAST": 0.5811836453164022,
      "median_log2_empirical_ECOLI": -2.1536195308370267,
      "median_log2_empirical_HUMAN": -0.10016723052869381,
      "median_log2_empirical_YEAST": 1.0889160431285383,
      "median_abs_epsilon_precision_global": 0.22023690580235744,
      "median_abs_epsilon_precision_eq_species": 0.27637383750561106,
      "median_abs_epsilon_precision_ECOLI": 0.3573139724029524,
      "median_abs_epsilon_precision_HUMAN": 0.20271213629412976,
      "median_abs_epsilon_precision_YEAST": 0.26909540381975106,
      "mean_log2_empirical_ECOLI": -2.1654976341718166,
      "mean_log2_empirical_HUMAN": -0.1746377461183532,
      "mean_log2_empirical_YEAST": 1.1287006457414435,
      "mean_abs_epsilon_precision_global": 0.6053662431897928,
      "mean_abs_epsilon_precision_eq_species": 0.6405215091454404,
      "mean_abs_epsilon_precision_ECOLI": 0.7401551990557079,
      "mean_abs_epsilon_precision_HUMAN": 0.6100417879964434,
      "mean_abs_epsilon_precision_YEAST": 0.5713675403841698,
      "CV_median": 0.19766007075216097,
      "CV_q75": 0.35948071863360864,
      "CV_q90": 0.5646900057308658,
      "CV_q95": 0.6881577982022272,
      "roc_auc": 0.8283480640098649,
      "roc_auc_directional": 0.8934837490358255,
      "nr_prec": 73462,
      "nr_prec_HUMAN": 54761,
      "nr_prec_YEAST": 16451,
      "nr_prec_ECOLI": 2250,
      "variance_epsilon_global": 1.2357836517850818
    },
    "4": {
      "median_abs_epsilon_global": 0.2732391697474057,
      "median_abs_epsilon_eq_species": 0.3619006759263055,
      "median_abs_epsilon_ECOLI": 0.49685661497241895,
      "median_abs_epsilon_HUMAN": 0.24968852457183566,
      "median_abs_epsilon_YEAST": 0.33915688823466184,
      "mean_abs_epsilon_global": 0.7233872704914144,
      "mean_abs_epsilon_eq_species": 0.757310053610429,
      "mean_abs_epsilon_ECOLI": 0.8785091044741142,
      "mean_abs_epsilon_HUMAN": 0.7364867360483569,
      "mean_abs_epsilon_YEAST": 0.656934320308816,
      "median_log2_empirical_ECOLI": -2.1802825298396407,
      "median_log2_empirical_HUMAN": -0.09810608062483439,
      "median_log2_empirical_YEAST": 1.0995481168710732,
      "median_abs_epsilon_precision_global": 0.2583856134411029,
      "median_abs_epsilon_precision_eq_species": 0.33484267978190135,
      "median_abs_epsilon_precision_ECOLI": 0.4564406792804938,
      "median_abs_epsilon_precision_HUMAN": 0.2347658107436459,
      "median_abs_epsilon_precision_YEAST": 0.3133215493215644,
      "mean_log2_empirical_ECOLI": -2.1763038092117557,
      "mean_log2_empirical_HUMAN": -0.11435577048148639,
      "mean_log2_empirical_YEAST": 1.1835177815487006,
      "mean_abs_epsilon_precision_global": 0.7095558799979915,
      "mean_abs_epsilon_precision_eq_species": 0.742407827935037,
      "mean_abs_epsilon_precision_ECOLI": 0.8555965905755976,
      "mean_abs_epsilon_precision_HUMAN": 0.7206598053998141,
      "mean_abs_epsilon_precision_YEAST": 0.6509670878296993,
      "CV_median": 0.20217416471070876,
      "CV_q75": 0.3693287355494846,
      "CV_q90": 0.5814531431847267,
      "CV_q95": 0.7079880937384907,
      "roc_auc": 0.7991512429270615,
      "roc_auc_directional": 0.8766690822841301,
      "nr_prec": 82607,
      "nr_prec_HUMAN": 60866,
      "nr_prec_YEAST": 18819,
      "nr_prec_ECOLI": 2922,
      "variance_epsilon_global": 1.664600304683501
    },
    "3": {
      "median_abs_epsilon_global": 0.28108881565318455,
      "median_abs_epsilon_eq_species": 0.3708687498988817,
      "median_abs_epsilon_ECOLI": 0.5056846576999554,
      "median_abs_epsilon_HUMAN": 0.25707257028591,
      "median_abs_epsilon_YEAST": 0.3498490217107797,
      "mean_abs_epsilon_global": 0.730698852810185,
      "mean_abs_epsilon_eq_species": 0.7660573999890846,
      "mean_abs_epsilon_ECOLI": 0.8890669749114778,
      "mean_abs_epsilon_HUMAN": 0.7432398911665332,
      "mean_abs_epsilon_YEAST": 0.6658653338892431,
      "median_log2_empirical_ECOLI": -2.172377402649584,
      "median_log2_empirical_HUMAN": -0.09822967731943066,
      "median_log2_empirical_YEAST": 1.0989226129088596,
      "median_abs_epsilon_precision_global": 0.2663695752836617,
      "median_abs_epsilon_precision_eq_species": 0.3441357285516613,
      "median_abs_epsilon_precision_ECOLI": 0.4668776685541616,
      "median_abs_epsilon_precision_HUMAN": 0.24195724160364307,
      "median_abs_epsilon_precision_YEAST": 0.32357227549717926,
      "mean_log2_empirical_ECOLI": -2.163097454681454,
      "mean_log2_empirical_HUMAN": -0.11544719866532246,
      "mean_log2_empirical_YEAST": 1.1797994629297206,
      "mean_abs_epsilon_precision_global": 0.7170920406788929,
      "mean_abs_epsilon_precision_eq_species": 0.751677078836973,
      "mean_abs_epsilon_precision_ECOLI": 0.8676057058537066,
      "mean_abs_epsilon_precision_HUMAN": 0.7276905564796746,