{
    "id": "DIA-NN_20241216_120914",
    "software_name": "DIA-NN",
    "software_version": "1.8",
    "search_engine_version": "1.8",
    "search_engine": "DIA-NN",
    "ident_fdr_psm": null,
    "ident_fdr_peptide": 0.01,
    "ident_fdr_protein": 0.01,
    "enable_match_between_runs": 1.0,
    "precursor_mass_tolerance": "[-31.5257 ppm, 31.5257 ppm]",
    "precursor_mass_tolerance_unit": null,
    "fragment_mass_tolerance": "[-31.5257 ppm, 31.5257 ppm]",
    "fragment_mass_tolerance_unit": null,
    "enzyme": "Trypsin/P",
    "allowed_miscleavages": 1,
    "min_peptide_length": 6,
    "max_peptide_length": 30,
    "intermediate_hash": "f36a37ad4a1140497a3baabfaa22f0506c57f646",
    "fixed_mods": "unimod4",
    "variable_mods": "UniMod:35/15.994915/M,UniMod:1/42.010565/*n",
    "max_mods": 1,
    "min_precursor_charge": 1.0,
    "max_precursor_charge": 4.0,
    "median_abs_epsilon": 0.2837862971,
    "nr_prec": 101241,
    "is_temporary": false,
    "old_new": "old",
    "results": {
        "6": {
            "median_abs_epsilon": 0.19225617,
            "mean_abs_epsilon": 0.5194347946,
            "variance_epsilon": 0.9279142347,
            "nr_prec": 64306,
            "CV_median": 0.3598941527,
            "CV_q90": 0.673034421,
            "CV_q75": 0.4993538637,
            "CV_q95": 0.7810287898
        },
        "5": {
            "median_abs_epsilon": 0.2319768777,
            "mean_abs_epsilon": 0.6160056553,
            "variance_epsilon": 1.2419442617,
            "nr_prec": 73941,
            "CV_median": 0.3675941983,
            "CV_q90": 0.7107238137,
            "CV_q75": 0.5222218954,
            "CV_q95": 0.8314296919
        },
        "4": {
            "median_abs_epsilon": 0.274706207,
            "mean_abs_epsilon": 0.7191573495,
            "variance_epsilon": 1.6301313815,
            "nr_prec": 83141,
            "CV_median": 0.3703400193,
            "CV_q90": 0.7248752863,
            "CV_q75": 0.5306560989,
            "CV_q95": 0.8509215251
        },
        "3": {
            "median_abs_epsilon": 0.2837862971,
            "mean_abs_epsilon": 0.7282081486,
            "variance_epsilon": 1.6405026436,
            "nr_prec": 101241,
            "CV_median": 0.3762132262,
            "CV_q90": 0.7333987978,
            "CV_q75": 0.5401649709,
            "CV_q95": 0.8610151654
        },
        "2": {
            "median_abs_epsilon": 0.2872135067,
            "mean_abs_epsilon": 0.7305616744,
            "variance_epsilon": 1.6402050784,
            "nr_prec": 104967,
            "CV_median": 0.3766695746,
            "CV_q90": 0.7372428975,
            "CV_q75": 0.5423639774,
            "CV_q95": 0.866444594
        },
        "1": {
            "median_abs_epsilon": 0.2872135067,
            "mean_abs_epsilon": 0.7305616744,
            "variance_epsilon": 1.6402050784,
            "nr_prec": 106297,
            "CV_median": 0.3766695746,
            "CV_q90": 0.7372428975,
            "CV_q75": 0.5423639774,
            "CV_q95": 0.866444594
        }
    },
    "weighted_sum": null,
    "color": "#8c564b",
    "hover_text": "ProteoBench ID: DIA-NN_20241216_120914<br>Software tool: DIA-NN <br>Comment (private submission): ",
    "scatter_size": 20.0,
    "comments": "",
    "proteobench_version": "0.5.8",
    "scan_window": 13,
    "quantification_method_DIANN": null,
    "second_pass": false,
    "protein_inference": null,
    "predictors_library": {
        "RT": "DIANN",
        "IM": "DIANN",
        "MS2_int": "DIANN"
    },
    "submission_comments": "\n\nDataset URL: https://proteobench.cubimed.rub.de/datasets/f36a37ad4a1140497a3baabfaa22f0506c57f646/",
    "quantification_method": "QuantUMS high-precision",
    "mean_abs_epsilon": 0.7282081486,
    "abundance_normalization_ions": null
}