{
  "old_new": "new",
  "id": "DIA-NN_20250610_100324",
  "software_name": "DIA-NN",
  "software_version": "1.8",
  "search_engine": "DIA-NN",
  "search_engine_version": "1.8",
  "ident_fdr_psm": "0.01",
  "ident_fdr_peptide": NaN,
  "ident_fdr_protein": NaN,
  "enable_match_between_runs": true,
  "precursor_mass_tolerance": "[-9.12019 ppm, 9.12019 ppm]",
  "fragment_mass_tolerance": "[-31.5257 ppm, 31.5257 ppm]",
  "enzyme": "Trypsin/P",
  "allowed_miscleavages": "1",
  "min_peptide_length": "6",
  "max_peptide_length": "30",
  "is_temporary": false,
  "intermediate_hash": "f36a37ad4a1140497a3baabfaa22f0506c57f646",
  "results": {
    "6": {
      "median_abs_epsilon": 0.19225616997309736,
      "mean_abs_epsilon": 0.5194347946081935,
      "variance_epsilon": 0.9279142346949371,
      "nr_prec": 64306,
      "CV_median": 0.3598941527021877,
      "CV_q90": 0.6730344209850109,
      "CV_q75": 0.4993538637400021,
      "CV_q95": 0.7810287897945474
    },
    "5": {
      "median_abs_epsilon": 0.23197687770193554,
      "mean_abs_epsilon": 0.6160056552695283,
      "variance_epsilon": 1.2419442616763745,
      "nr_prec": 73941,
      "CV_median": 0.3675941983362251,
      "CV_q90": 0.71072381374793,
      "CV_q75": 0.5222218954427542,
      "CV_q95": 0.8314296918531905
    },
    "4": {
      "median_abs_epsilon": 0.2747062069699453,
      "mean_abs_epsilon": 0.7191573495240584,
      "variance_epsilon": 1.6301313815310698,
      "nr_prec": 83141,
      "CV_median": 0.3703400193073536,
      "CV_q90": 0.7248752863223116,
      "CV_q75": 0.5306560988708419,
      "CV_q95": 0.8509215251410089
    },
    "3": {
      "median_abs_epsilon": 0.2837862970632976,
      "mean_abs_epsilon": 0.7282081486316884,
      "variance_epsilon": 1.6405026435967747,
      "nr_prec": 101241,
      "CV_median": 0.3762132261956705,
      "CV_q90": 0.7333987978024616,
      "CV_q75": 0.5401649708625064,
      "CV_q95": 0.861015165368132
    },
    "2": {
      "median_abs_epsilon": 0.2872135067139201,
      "mean_abs_epsilon": 0.7305616743861711,
      "variance_epsilon": 1.6402050784005138,
      "nr_prec": 104967,
      "CV_median": 0.3766695746008527,
      "CV_q90": 0.7372428975463181,
      "CV_q75": 0.5423639774100144,
      "CV_q95": 0.8664445939801662
    },
    "1": {
      "median_abs_epsilon": 0.2872135067139201,
      "mean_abs_epsilon": 0.730561674386171,
      "variance_epsilon": 1.6402050784005138,
      "nr_prec": 106297,
      "CV_median": 0.3766695746008527,
      "CV_q90": 0.7372428975463181,
      "CV_q75": 0.5423639774100144,
      "CV_q95": 0.8664445939801662
    }
  },
  "median_abs_epsilon": 0.2837862970632976,
  "mean_abs_epsilon": 0.7282081486316884,
  "nr_prec": 101241,
  "comments": "",
  "proteobench_version": "0.8.22",
  "color": "#8c564b",
  "hover_text": "ProteoBench ID: DIA-NN_20250610_100324<br>Software tool: DIA-NN <br>Comment (private submission): ...",
  "scatter_size": 20,
  "fixed_mods": "unimod4",
  "variable_mods": "UniMod:35/15.994915/M,UniMod:1/42.010565/*n",
  "max_mods": "1",
  "min_precursor_charge": "1",
  "max_precursor_charge": "4",
  "quantification_method": "QuantUMS high-precision",
  "protein_inference": "Genes",
  "abundance_normalization_ions": null,
  "submission_comments": "\n\n ### Parameter changes detected:\n- **ident_fdr_protein**: `None` \u2192 `nan`\n- **ident_fdr_peptide**: `None` \u2192 `nan`\n\nDataset URL: https://proteobench.cubimed.rub.de/datasets/f36a37ad4a1140497a3baabfaa22f0506c57f646/"
}