{
  "old_new": "new",
  "id": "DIA-NN_20250610_094711",
  "software_name": "DIA-NN",
  "software_version": "1.9.2",
  "search_engine": "DIA-NN",
  "search_engine_version": "1.9.2",
  "ident_fdr_psm": "0.01",
  "ident_fdr_peptide": NaN,
  "ident_fdr_protein": NaN,
  "enable_match_between_runs": true,
  "precursor_mass_tolerance": "[-9.32611 ppm, 9.32611 ppm]",
  "fragment_mass_tolerance": "[-14.3505 ppm, 14.3505 ppm]",
  "enzyme": "Trypsin/P",
  "allowed_miscleavages": "1",
  "min_peptide_length": "6",
  "max_peptide_length": "30",
  "is_temporary": false,
  "intermediate_hash": "fdc2fffd886fe2a36722bfa85a418b09e6bc69a9",
  "results": {
    "6": {
      "median_abs_epsilon": 0.15277928253497564,
      "mean_abs_epsilon": 0.4018359714206615,
      "variance_epsilon": 0.6062311303803481,
      "nr_prec": 53317,
      "CV_median": 0.3228747775129417,
      "CV_q90": 0.5462058813192627,
      "CV_q75": 0.4198096885602891,
      "CV_q95": 0.6391173410520663
    },
    "5": {
      "median_abs_epsilon": 0.17936037106308333,
      "mean_abs_epsilon": 0.46815543410574856,
      "variance_epsilon": 0.780235497756645,
      "nr_prec": 62523,
      "CV_median": 0.3266180874332998,
      "CV_q90": 0.5751287724724814,
      "CV_q75": 0.4330729323467386,
      "CV_q95": 0.6801408178526556
    },
    "4": {
      "median_abs_epsilon": 0.20635942236358318,
      "mean_abs_epsilon": 0.5409633571915043,
      "variance_epsilon": 0.988974938054352,
      "nr_prec": 70284,
      "CV_median": 0.3282720217896855,
      "CV_q90": 0.5895599767613897,
      "CV_q75": 0.43918624052026956,
      "CV_q95": 0.7033577588157526
    },
    "3": {
      "median_abs_epsilon": 0.21641451504256715,
      "mean_abs_epsilon": 0.5546271764794279,
      "variance_epsilon": 1.01017681978521,
      "nr_prec": 89399,
      "CV_median": 0.33326084637788533,
      "CV_q90": 0.602459682288918,
      "CV_q75": 0.44810708486724626,
      "CV_q95": 0.7228253728781967
    },
    "2": {
      "median_abs_epsilon": 0.2205611519587194,
      "mean_abs_epsilon": 0.5616000098514263,
      "variance_epsilon": 1.0265889909590595,
      "nr_prec": 94847,
      "CV_median": 0.3335437578725433,
      "CV_q90": 0.608130879231892,
      "CV_q75": 0.45044735288091897,
      "CV_q95": 0.7334674959317875
    },
    "1": {
      "median_abs_epsilon": 0.2205611519587194,
      "mean_abs_epsilon": 0.5616000098514263,
      "variance_epsilon": 1.0265889909590595,
      "nr_prec": 97072,
      "CV_median": 0.3335437578725433,
      "CV_q90": 0.608130879231892,
      "CV_q75": 0.45044735288091897,
      "CV_q95": 0.7334674959317875
    }
  },
  "median_abs_epsilon": 0.21641451504256715,
  "mean_abs_epsilon": 0.5546271764794279,
  "nr_prec": 89399,
  "comments": "",
  "proteobench_version": "0.8.22",
  "color": "#8c564b",
  "hover_text": "ProteoBench ID: DIA-NN_20250610_094711<br>Software tool: DIA-NN <br>Comment (private submission): ...",
  "scatter_size": 20,
  "fixed_mods": "unimod4",
  "variable_mods": "UniMod:35/15.994915/M,UniMod:1/42.010565/*n",
  "max_mods": "1",
  "min_precursor_charge": "1",
  "max_precursor_charge": "4",
  "quantification_method": "QuantUMS high-accuracy",
  "protein_inference": "Genes",
  "abundance_normalization_ions": null,
  "submission_comments": "\n\n ### Parameter changes detected:\n- **ident_fdr_protein**: `None` \u2192 `nan`\n- **ident_fdr_peptide**: `None` \u2192 `nan`\n\nDataset URL: https://proteobench.cubimed.rub.de/datasets/fdc2fffd886fe2a36722bfa85a418b09e6bc69a9/"
}