{
  "old_new": "new",
  "id": "DIA-NN_20250610_094711",
  "software_name": "DIA-NN",
  "software_version": "1.9.2",
  "search_engine": "DIA-NN",
  "search_engine_version": "1.9.2",
  "ident_fdr_psm": 0.01,
  "ident_fdr_peptide": NaN,
  "ident_fdr_protein": NaN,
  "enable_match_between_runs": true,
  "precursor_mass_tolerance": "[-9.32611 ppm, 9.32611 ppm]",
  "fragment_mass_tolerance": "[-14.3505 ppm, 14.3505 ppm]",
  "enzyme": "Trypsin/P",
  "allowed_miscleavages": 1,
  "min_peptide_length": 6,
  "max_peptide_length": 30,
  "is_temporary": false,
  "intermediate_hash": "fdc2fffd886fe2a36722bfa85a418b09e6bc69a9",
  "results": {
    "6": {
      "median_abs_epsilon_global": 0.1555393524810711,
      "median_abs_epsilon_eq_species": 0.18944283068927467,
      "median_abs_epsilon_ECOLI": 0.2267668750243672,
      "median_abs_epsilon_HUMAN": 0.14570345025243014,
      "median_abs_epsilon_YEAST": 0.19585816679102663,
      "mean_abs_epsilon_global": 0.3984702992836423,
      "mean_abs_epsilon_eq_species": 0.4028699805474145,
      "mean_abs_epsilon_ECOLI": 0.4107603792567688,
      "mean_abs_epsilon_HUMAN": 0.3975751854437055,
      "mean_abs_epsilon_YEAST": 0.4002743769417692,
      "median_log2_empirical_ECOLI": -2.1732830812407222,
      "median_log2_empirical_HUMAN": -0.0922788035062112,
      "median_log2_empirical_YEAST": 1.116363456614998,
      "median_abs_epsilon_precision_global": 0.13788057232852324,
      "median_abs_epsilon_precision_eq_species": 0.16552250085229284,
      "median_abs_epsilon_precision_ECOLI": 0.2064348784381309,
      "median_abs_epsilon_precision_HUMAN": 0.12905984626567957,
      "median_abs_epsilon_precision_YEAST": 0.16107277785306806,
      "mean_log2_empirical_ECOLI": -2.246305036433014,
      "mean_log2_empirical_HUMAN": -0.20324623011107038,
      "mean_log2_empirical_YEAST": 1.0860811560689012,
      "mean_abs_epsilon_precision_global": 0.39430778152868234,
      "mean_abs_epsilon_precision_eq_species": 0.382916293232876,
      "mean_abs_epsilon_precision_ECOLI": 0.37339623440473463,
      "mean_abs_epsilon_precision_HUMAN": 0.40029903603087874,
      "mean_abs_epsilon_precision_YEAST": 0.37505360926301456,
      "CV_median": 0.15424106072672447,
      "CV_q75": 0.2543025156871176,
      "CV_q90": 0.3826125377161542,
      "CV_q95": 0.4814774817025482,
      "roc_auc": 0.8966453761393421,
      "roc_auc_directional": 0.9394993785884027,
      "nr_prec": 52690,
      "nr_prec_HUMAN": 40271,
      "nr_prec_YEAST": 11118,
      "nr_prec_ECOLI": 1301,
      "variance_epsilon_global": 0.5861751954323802
    },
    "5": {
      "median_abs_epsilon_global": 0.1783743030909335,
      "median_abs_epsilon_eq_species": 0.22568919637140716,
      "median_abs_epsilon_ECOLI": 0.2848977127756722,
      "median_abs_epsilon_HUMAN": 0.16506910300016742,
      "median_abs_epsilon_YEAST": 0.22710077333838186,
      "mean_abs_epsilon_global": 0.4629077452121129,
      "mean_abs_epsilon_eq_species": 0.4685395222074653,
      "mean_abs_epsilon_ECOLI": 0.4942378635282621,
      "mean_abs_epsilon_HUMAN": 0.467219503730433,
      "mean_abs_epsilon_YEAST": 0.4441611993637009,
      "median_log2_empirical_ECOLI": -2.202533585422442,
      "median_log2_empirical_HUMAN": -0.09470397591359081,
      "median_log2_empirical_YEAST": 1.1291942570100595,
      "median_abs_epsilon_precision_global": 0.15884191164410133,
      "median_abs_epsilon_precision_eq_species": 0.1915295234799904,
      "median_abs_epsilon_precision_ECOLI": 0.24194107126002073,
      "median_abs_epsilon_precision_HUMAN": 0.1488434783631103,
      "median_abs_epsilon_precision_YEAST": 0.1838040208168401,
      "mean_log2_empirical_ECOLI": -2.236444729472458,
      "mean_log2_empirical_HUMAN": -0.1905896520171913,
      "mean_log2_empirical_YEAST": 1.1199113185686091,
      "mean_abs_epsilon_precision_global": 0.4525367862140966,
      "mean_abs_epsilon_precision_eq_species": 0.4422444083123725,
      "mean_abs_epsilon_precision_ECOLI": 0.4477785796128142,
      "mean_abs_epsilon_precision_HUMAN": 0.46347994840666595,
      "mean_abs_epsilon_precision_YEAST": 0.41547469691763733,
      "CV_median": 0.16164115898264603,
      "CV_q75": 0.2711917364516231,
      "CV_q90": 0.4147568825318036,
      "CV_q95": 0.5280060505673427,
      "roc_auc": 0.8761439691130208,
      "roc_auc_directional": 0.9302130158752941,
      "nr_prec": 61835,
      "nr_prec_HUMAN": 46602,
      "nr_prec_YEAST": 13543,
      "nr_prec_ECOLI": 1690,
      "variance_epsilon_global": 0.7660699604081912
    },
    "4": {
      "median_abs_epsilon_global": 0.2018884979171638,
      "median_abs_epsilon_eq_species": 0.2621192492490187,
      "median_abs_epsilon_ECOLI": 0.3455396535942459,
      "median_abs_epsilon_HUMAN": 0.1843609089584568,
      "median_abs_epsilon_YEAST": 0.25645718519435334,
      "mean_abs_epsilon_global": 0.5388092316126659,
      "mean_abs_epsilon_eq_species": 0.5530509070639783,
      "mean_abs_epsilon_ECOLI": 0.6124459275888124,
      "mean_abs_epsilon_HUMAN": 0.5477405730486014,
      "mean_abs_epsilon_YEAST": 0.4989662205545213,
      "median_log2_empirical_ECOLI": -2.2300277342115233,
      "median_log2_empirical_HUMAN": -0.09690508229820693,
      "median_log2_empirical_YEAST": 1.133087477794124,
      "median_abs_epsilon_precision_global": 0.1813662128707616,
      "median_abs_epsilon_precision_eq_species": 0.2231830617473444,
      "median_abs_epsilon_precision_ECOLI": 0.29061833943986315,
      "median_abs_epsilon_precision_HUMAN": 0.16807914921803047,
      "median_abs_epsilon_precision_YEAST": 0.2108516965841396,
      "mean_log2_empirical_ECOLI": -2.237839016513477,
      "mean_log2_empirical_HUMAN": -0.17504420509496288,
      "mean_log2_empirical_YEAST": 1.141924302314233,
      "mean_abs_epsilon_precision_global": 0.5240286058486879,
      "mean_abs_epsilon_precision_eq_species": 0.5235118494634292,
      "mean_abs_epsilon_precision_ECOLI": 0.5607725028520976,
      "mean_abs_epsilon_precision_HUMAN": 0.5383635961587077,
      "mean_abs_epsilon_precision_YEAST": 0.47139944937948236,
      "CV_median": 0.16533011612953868,
      "CV_q75": 0.28015884056047746,
      "CV_q90": 0.433891975700468,
      "CV_q95": 0.5578265755365982,
      "roc_auc": 0.8506971538769328,
      "roc_auc_directional": 0.9153072867231109,
      "nr_prec": 69542,
      "nr_prec_HUMAN": 51759,
      "nr_prec_YEAST": 15613,
      "nr_prec_ECOLI": 2170,
      "variance_epsilon_global": 1.0034277592579595
    },
    "3": {
      "median_abs_epsilon_global": 0.2102458031163117,
      "median_abs_epsilon_eq_species": 0.2695143593899765,
      "median_abs_epsilon_ECOLI": 0.3505232189225058,
      "median_abs_epsilon_HUMAN": 0.1926993901498939,
      "median_abs_epsilon_YEAST": 0.2653204690975297,
      "mean_abs_epsilon_global": 0.550548020597392,
      "mean_abs_epsilon_eq_species": 0.5630923698108122,
      "mean_abs_epsilon_ECOLI": 0.6183072158565995,
      "mean_abs_epsilon_HUMAN": 0.5595804277054852,
      "mean_abs_epsilon_YEAST": 0.5113894658703518,
      "median_log2_empirical_ECOLI": -2.2276756627894585,
      "median_log2_empirical_HUMAN": -0.0976948444123682,
      "median_log2_empirical_YEAST": 1.132346039834335,
      "median_abs_epsilon_precision_global": 0.18932302238925303,
      "median_abs_epsilon_precision_eq_species": 0.22949143936968794,
      "median_abs_epsilon_precision_ECOLI": 0.29273371796967673,
      "median_abs_epsilon_precision_HUMAN": 0.17650307516903752,
      "median_abs_epsilon_precision_YEAST": 0.21923752497034954,
      "mean_log2_empirical_ECOLI": -2.2293432867384473,
      "mean_log2_empirical_HUMAN": -0.17556696528314636,
      "mean_log2_empirical_YEAST": 1.1375985583409673,
      "mean_abs_epsilon_precision_global": 0.535998144559141,
      "mean_abs_epsilon_precision_eq_species": 0.5342663107970362,
      "mean_abs_epsilon_precision_ECOLI": 0.5678421550721773,
      "mean_abs_epsilon_precision_HUMAN": 0.5501079870718413,